ansvarlig,ansvarssubjekt,ansvarstype,ergjeldende,gyldighetsdato
01850897731,None,UKJENT,True,2021-02-10
02818397650,11871198235,FELLES,True,2021-09-16
02818397650,02890696905,FELLES,True,2021-09-14
02821397734,12878197559,FELLES,True,2021-02-10
02821397734,17898198227,FELLES,True,2021-02-10
02858897443,27841899666,FELLES,True,2021-04-16
02858897443,22821497101,FELLES,True,2021-04-16
02890696905,02818397650,FELLES,True,2021-09-14
02890696905,12828898742,FELLES,True,2021-09-14
02890696905,None,UKJENT,False,2021-01-20
02898196502,17911897733,FELLES,True,2021-06-30
02901598870,12878197559,FELLES,True,2021-02-10
02901598870,17898198227,FELLES,True,2021-02-10
03831298293,03928597821,FELLES,True,2021-09-16
03831298293,07829097359,FELLES,True,2021-09-16
03831298293,None,UKJENT,False,2021-03-03
03861498629,12878197559,FELLES,True,2021-02-10
03861498629,17898198227,FELLES,True,2021-02-10
03928597821,03831298293,FELLES,True,2021-09-16
04832097859,22898599918,FELLES,True,2020-03-04
04832097859,21888599484,FELLES,True,2020-03-04
05820998199,12878197559,FELLES,True,2021-02-10
05820998199,17898198227,FELLES,True,2021-02-10
05821196401,15818896082,FELLES,True,2021-09-17
05821196401,10908498769,FELLES,True,2021-09-17
05821196401,None,UKJENT,False,2020-12-01
05831498899,06928296235,FELLES,True,2021-09-17
05831498899,13828798337,FELLES,True,2021-09-17
05831498899,None,UKJENT,False,2020-12-01
05900697815,None,UKJENT,True,2021-01-25
05901198642,12878197559,FELLES,True,2021-02-10
05901198642,17898198227,FELLES,True,2021-02-10
05918298217,08881196388,FELLES,True,2021-09-17
05918298217,16821497349,FELLES,True,2021-09-17
06861097607,12878197559,FELLES,True,2021-02-10
06861097607,17898198227,FELLES,True,2021-02-10
06928296235,05831498899,FELLES,True,2021-09-17
06928296235,04851197740,FELLES,True,2021-09-17
07817898062,12881698844,FELLES,True,2021-04-16
07817898062,21810997300,FELLES,True,2021-04-16
07829097359,03831298293,FELLES,True,2021-09-16
07841497982,15818896082,FELLES,True,2021-09-17
07841497982,10908498769,FELLES,True,2021-09-17
07841497982,None,UKJENT,False,2020-12-01
07852098559,13868199428,FELLES,True,2020-05-07
07852098559,15858298390,FELLES,True,2020-05-07
07910797713,None,UKJENT,True,2021-02-10
08820597924,12878197559,FELLES,True,2021-02-10
08820597924,17898198227,FELLES,True,2021-02-10
08827797953,12881698844,FELLES,True,2021-04-16
08827797953,21810997300,FELLES,True,2021-04-16
08852199998,28869998828,FELLES,False,2021-05-11
08852199998,14900099852,FELLES,False,2021-05-11
08852199998,14900099852,FELLES,True,2021-05-11
08852199998,28869998828,FELLES,True,2021-05-11
08852199998,14900099852,MOR,False,2021-05-08
08881196388,05918298217,FELLES,True,2021-09-17
08881196388,11929196319,FELLES,True,2021-09-17
08881196388,None,UKJENT,False,2020-12-01
08900797339,12878197559,FELLES,True,2021-02-10
08900797339,17898198227,FELLES,True,2021-02-10
08910898133,None,UKJENT,True,2021-02-10
09852199684,None,FELLES,True,2021-05-09
09852199684,23858099811,FELLES,True,2021-05-09
09852199846,12850198428,MOR,True,2021-05-09
09860698061,12878197559,FELLES,True,2021-02-10
09860698061,17898198227,FELLES,True,2021-02-10
09872098779,24859599288,FELLES,True,2020-07-09
09872098779,18869298901,FELLES,True,2020-07-09
10852199976,None,UKJENT,True,2021-05-10
10908498769,05821196401,FELLES,True,2021-09-17
10908498769,07841497982,FELLES,True,2021-09-17
11820197897,11858297550,FELLES,False,2021-02-10
11820197897,27864897296,FELLES,False,2021-02-10
11820198176,12878197559,FELLES,False,2021-02-10
11820198176,17898198227,FELLES,False,2021-02-10
11820198338,26897196149,FELLES,False,2021-02-10
11820198338,05908699418,FELLES,False,2021-02-10
11871198235,02818397650,FELLES,True,2021-09-16
11871198235,12828898742,FELLES,True,2021-09-16
11871198235,None,UKJENT,False,2021-01-20
11900397544,17898198227,FELLES,False,2021-02-10
11900397544,12878197559,FELLES,False,2021-02-10
11929196319,08881196388,FELLES,True,2021-09-17
11929196319,16821497349,FELLES,True,2021-09-17
12812199631,01836897125,FELLES,True,2021-01-12
12812199631,01836696804,FELLES,True,2021-01-12
12828898742,11871198235,FELLES,True,2021-09-16
12828898742,02890696905,FELLES,True,2021-09-14
12852199863,17829698986,FELLES,True,2021-05-25
12852199863,15849399990,FELLES,True,2021-05-25
12860296347,26897196149,FELLES,False,2021-02-10
12860296347,05908699418,FELLES,False,2021-02-10
12860296851,12878197559,FELLES,False,2021-02-10
12860296851,17898198227,FELLES,False,2021-02-10
12860297211,11858297550,FELLES,False,2021-02-10
12860297211,27864897296,FELLES,False,2021-02-10
13828798337,05831498899,FELLES,True,2021-09-17
13828798337,04851197740,FELLES,True,2021-09-17
13852199630,None,UKJENT,True,2021-05-20
13852199630,14879396884,UKJENT,False,2021-05-13
13852199983,None,UKJENT,True,2021-05-13
14811998088,None,UKJENT,True,2021-06-10
14812097254,01836897125,FELLES,True,2020-01-14
14812097254,01836696804,FELLES,True,2020-01-14
14852199831,26909199947,FELLES,True,2021-05-26
14852199831,14839499710,FELLES,True,2021-05-26
14852199912,30849597473,FELLES,True,2021-05-30
14852199912,01829397478,FELLES,True,2021-05-30
14872097628,01842349962,FELLES,True,2020-07-14
14872097628,01836696804,FELLES,True,2020-07-14
14879396884,13852199630,UKJENT,False,2021-05-13
15811998289,01836897125,FELLES,True,2019-01-15
15811998289,01836696804,FELLES,True,2019-01-15
15818896082,05821196401,FELLES,True,2021-09-17
15818896082,07841497982,FELLES,True,2021-09-17
15852199951,11919999685,MOR,True,2021-05-25
15852199951,12919199405,FELLES,False,2021-05-15
15852199951,11919999685,FELLES,False,2021-05-15
15860698681,None,UKJENT,True,2021-02-10
16820797888,None,UKJENT,True,2021-02-10
16821497349,05918298217,FELLES,True,2021-09-17
16821497349,11929196319,FELLES,True,2021-09-17
16821497349,None,UKJENT,False,2020-12-01
16871997989,01836897125,FELLES,True,2019-07-16
16871997989,01836696804,FELLES,True,2019-07-16
16872099011,02858598799,FELLES,True,2020-07-16
16872099011,05868598443,FELLES,True,2020-07-16
16892097686,20908797060,FELLES,True,2020-09-16
16892097686,01828698377,FELLES,True,2020-09-16
17850897131,None,UKJENT,True,2021-02-02
17852199768,None,UKJENT,True,2021-05-17
17882097897,01889496130,FELLES,True,2020-08-17
17882097897,17839497202,FELLES,True,2020-08-17
17899198093,19892098053,FELLES,True,2021-06-30
17911897733,None,FELLES,True,2021-06-30
17911897733,02898196502,FELLES,True,2021-06-30
17911897733,None,UKJENT,False,2021-06-29
19892098053,None,FELLES,True,2021-06-30
19892098053,17899198093,FELLES,True,2021-06-30
19892098053,None,UKJENT,False,2021-06-29
20852199432,None,UKJENT,True,2021-05-20
20852199866,None,UKJENT,True,2021-05-20
20862199937,None,UKJENT,True,2021-06-20
21852199633,None,UKJENT,True,2021-05-21
21891097562,None,UKJENT,True,2021-01-25
22812199874,01837598075,FELLES,True,2021-01-22
22812199874,01839499066,FELLES,True,2021-01-22
22812199955,01838398495,FELLES,True,2021-01-22
22812199955,01838499623,FELLES,True,2021-01-22
22891197199,None,UKJENT,True,2021-01-25
23812199803,01838499623,MOR,True,2021-05-11
23812199803,01838398495,FELLES,False,2021-01-22
23812199803,01838499623,FELLES,False,2021-01-22
23902098119,17929598660,MOR,True,2021-04-14
23902098119,11899498374,FELLES,False,2020-10-23
23922099820,None,UKJENT,True,2021-11-06
23922099820,15830699233,MOR,False,2021-10-04
23922099820,05840797505,FELLES,False,2020-12-23
23922099820,15830699233,FELLES,False,2020-12-23
23922099901,17850599513,FAR,True,2021-10-26
23922099901,04890799456,FELLES,False,2020-12-23
23922099901,17850599513,FELLES,False,2020-12-23
24811898623,01838398495,MEDMOR,True,2021-05-11
24811898623,01838398495,FELLES,False,2018-01-24
24811898623,01838499623,FELLES,False,2018-01-24
24811898895,01837598075,MOR,True,2021-05-11
24811898895,01837598075,FELLES,False,2018-01-24
24811898895,01839499066,FELLES,False,2018-01-24
24881698974,None,UKJENT,True,2021-06-10
24920398134,None,UKJENT,True,2021-05-27
25852199760,10919899897,MOR,True,2021-05-25
25852199841,None,ANDRE,True,2021-05-26
25852199841,23889697652,FELLES,False,2021-05-25
25852199841,13840099673,FELLES,False,2021-05-25
25852199922,28909798894,MOR,True,2021-06-05
25852199922,28909798894,FELLES,False,2021-05-25
25852199922,24869797894,FELLES,False,2021-05-25
25852199922,28909798894,FELLES,False,2021-05-25
25871997244,01837598075,FELLES,True,2019-07-25
25871997244,01839499066,FELLES,True,2019-07-25
25871997325,01838398495,FELLES,True,2019-07-25
25871997325,01838499623,FELLES,True,2019-07-25
25917695752,27841899666,FELLES,True,2021-04-16
25917695752,22821497101,FELLES,True,2021-04-16
26812199659,12918399257,MOR,True,2021-01-26
26852098057,16839896887,UKJENT,True,2020-05-26
26871998077,01837598075,FELLES,True,2019-07-25
26871998077,01839499066,FELLES,True,2019-07-25
26872096379,15878599893,FELLES,True,1971-09-05
26872096379,11888399714,FELLES,True,1971-09-05
27811898479,01828699837,MEDMOR,True,2021-05-11
27811898479,01828499633,FELLES,False,2021-02-08
27811898479,01828699837,FELLES,False,2021-02-08
27812199345,12878197559,FELLES,True,2021-02-10
27812199345,17898198227,FELLES,True,2021-02-10
27812199698,23839897634,FELLES,True,2021-01-27
27812199698,15880098222,FELLES,True,2021-01-27
27812199779,24835498561,FELLES,False,2021-02-10
27812199779,24835498561,FELLES,True,2021-01-27
27812199779,09884397631,FELLES,True,2021-01-27
27812199930,27903249671,FELLES,True,2021-01-27
27812199930,11824099547,FELLES,True,2021-01-27
27842097474,12918398544,FELLES,True,2020-04-27
27842097474,22928298675,FELLES,True,2020-04-27
27862199486,30839498094,FELLES,False,2021-06-29
27862199486,None,FELLES,False,2021-06-29
27862199486,None,FAR,True,2021-06-29
27862199486,30839498094,MOR,False,2021-06-27
27862199648,None,MOR,True,2021-06-29
27862199648,None,UKJENT,False,2021-06-27
27862199729,15909398409,FELLES,False,2021-06-29
27862199729,None,FELLES,False,2021-06-29
27862199729,None,FAR,True,2021-06-29
27862199729,15909398409,MOR,False,2021-06-27
27862199990,None,MOR,True,2021-06-29
27862199990,None,UKJENT,False,2021-06-27
27891197174,None,UKJENT,True,2021-01-25
28811898912,12918399257,MOR,True,2018-01-28
29811898285,24835498561,FELLES,True,2018-01-29
29811898285,09884397631,FELLES,True,2018-01-29
29811898447,27903249671,FELLES,True,2018-01-29
29811898447,11824099547,FELLES,True,2018-01-29
29811898528,23839897634,FELLES,True,2018-01-29
29811898528,15880098222,FELLES,True,2018-01-29
29871998912,12918399257,MOR,True,2019-07-29
29891997866,12878197559,FELLES,True,2021-02-10
29891997866,17898198227,FELLES,True,2021-02-10
30811797762,12878197559,FELLES,True,2021-02-10
30811797762,17898198227,FELLES,True,2021-02-10
30871998104,24835498561,FELLES,True,2019-07-30
30871998104,09884397631,FELLES,True,2019-07-30
30871998376,27903249671,FELLES,True,2019-07-30
30871998376,11824099547,FELLES,True,2019-07-30
30871998619,23839897634,FELLES,True,2019-07-30
30871998619,15880098222,FELLES,True,2019-07-30
31851898142,12878197559,FELLES,True,2021-02-10
31851898142,17898198227,FELLES,True,2021-02-10
56902075580,01837798279,MOR,True,2021-01-28
57901675416,01837798279,MOR,True,2021-01-28
57901875458,01837798279,MOR,True,2021-01-28
01828698377,16892097686,FELLES,True,2020-09-16
01828699837,27811898479,MEDMOR,True,2021-05-11
01829397478,14852199912,FELLES,True,2021-05-30
01836696804,12812199631,FELLES,True,2021-01-12
01836696804,14872097628,FELLES,True,2020-07-14
01836696804,14812097254,FELLES,True,2020-01-14
01836696804,16871997989,FELLES,True,2019-07-16
01836696804,15811998289,FELLES,True,2019-01-15
01836696804,28870596970,FELLES,True,2005-07-28
01836696804,21860598504,FELLES,True,2005-06-21
01836897125,12812199631,FELLES,True,2021-01-12
01836897125,14812097254,FELLES,True,2020-01-14
01836897125,16871997989,FELLES,True,2019-07-16
01836897125,15811998289,FELLES,True,2019-01-15
01836897125,26900499441,FELLES,True,2004-10-26
01836897125,29870399187,FELLES,False,2003-07-29
01837598075,24811898895,MOR,True,2021-05-11
01837598075,22812199874,FELLES,True,2021-01-22
01837598075,26871998077,FELLES,True,2019-07-25
01837598075,24811898895,FELLES,False,2018-01-24
01838398495,24811898623,MEDMOR,True,2021-05-11
01838398495,23812199803,FELLES,False,2021-01-22
01838398495,25871997325,FELLES,True,2019-07-25
01838398495,24811898623,FELLES,False,2018-01-24
01838499623,23812199803,MOR,True,2021-05-11
01838499623,23812199803,FELLES,False,2021-01-22
01838499623,25871997325,FELLES,True,2019-07-25
01838499623,24811898623,FELLES,False,2018-01-24
01839499066,22812199874,FELLES,True,2021-01-22
01839499066,26871998077,FELLES,True,2019-07-25
01839499066,24811898895,FELLES,False,2018-01-24
01842349962,14872097628,FELLES,True,2020-07-14
01889496130,17882097897,FELLES,True,2020-08-17
01889496130,02881798460,FELLES,True,2017-08-02
02858598799,16872099011,FELLES,True,2020-07-16
02858598799,03911899050,FELLES,True,2018-11-03
02858598799,21880999009,FELLES,True,2009-08-21
02858598799,23881298619,FELLES,True,1979-11-13
03899698656,01881599607,FELLES,False,2021-05-15
03899698656,01881599607,FELLES,True,2021-05-15
04851197740,06928296235,FELLES,True,2021-09-17
04851197740,13828798337,FELLES,True,2021-09-17
04851197740,None,UKJENT,False,2020-12-01
04888099293,15921498656,FELLES,True,2014-12-15
04888099293,08900399104,FELLES,False,2003-10-08
04890799456,23922099901,FELLES,False,2020-12-23
04890799456,19888599153,FELLES,False,2007-09-04
04890799456,27818299082,FELLES,False,2007-09-04
05840797505,23922099820,FELLES,False,2020-12-23
05840797505,05917397092,FELLES,False,2007-04-05
05840797505,12817197157,FELLES,False,2007-04-05
05868598443,16872099011,FELLES,True,2020-07-16
05868598443,03911899050,FELLES,True,2018-11-03
05868598443,21880999009,FELLES,True,2009-08-21
05868598443,23881298619,FELLES,True,1979-11-13
09884397631,27812199779,FELLES,True,2021-01-27
09884397631,30871998104,FELLES,True,2019-07-30
09884397631,29811898285,FELLES,True,2018-01-29
10919899897,25852199760,MOR,True,2021-05-25
10919899897,01881599607,FELLES,True,2021-05-15
11824099547,27812199930,FELLES,True,2021-01-27
11824099547,30871998376,FELLES,True,2019-07-30
11824099547,29811898447,FELLES,True,2018-01-29
11888399714,01911299743,FELLES,True,2012-11-01
11888399714,17880999648,FELLES,True,1993-10-24
11888399714,26872096379,FELLES,True,1971-09-05
11899498374,23902098119,FELLES,False,2020-10-23
11919999685,15852199951,MOR,True,2021-05-25
11919999685,15852199951,FELLES,False,2021-05-15
12850198428,09852199846,MOR,True,2021-05-09
12878197559,19850898831,FELLES,True,2008-05-19
12918398544,27842097474,FELLES,True,2020-04-27
12918398544,02831398437,FELLES,True,2013-03-02
12918398544,26890898946,FELLES,True,2008-09-26
12918399257,26812199659,MOR,True,2021-01-26
12918399257,29871998912,MOR,True,2019-07-29
12918399257,28811898912,MOR,True,2018-01-28
12919199405,15852199951,FELLES,False,2021-05-15
13840099673,25852199841,FELLES,False,2021-05-25
13868199428,14872099205,FELLES,True,2020-07-14
13868199428,07852098559,FELLES,True,2020-05-07
13868199428,08861699782,FELLES,True,2016-06-08
13868199428,07821599762,FELLES,True,2015-02-07
13868199428,17830799303,FELLES,True,2007-03-17
14839499710,14852199831,FELLES,True,2021-05-26
14900099852,08852199998,FELLES,False,2021-05-11
14900099852,08852199998,FELLES,True,2021-05-11
14900099852,08852199998,MOR,False,2021-05-08
15830699233,23922099820,MOR,False,2021-10-04
15830699233,23922099820,FELLES,False,2020-12-23
15830699233,30927696955,FELLES,False,2006-03-15
15830699233,21927697898,FELLES,False,2006-03-15
15849399990,12852199863,FELLES,True,2021-05-25
15858298390,14872099205,FELLES,True,2020-07-14
15858298390,07852098559,FELLES,True,2020-05-07
15858298390,08861699782,FELLES,True,2016-06-08
15858298390,07821599762,FELLES,True,2015-02-07
15858298390,17830799303,FELLES,True,2007-03-17
15878599893,01911299743,FELLES,True,2012-11-01
15878599893,17880999648,FELLES,True,1993-10-24
15878599893,26872096379,FELLES,True,1971-09-05
15880098222,27812199698,FELLES,True,2021-01-27
15880098222,30871998619,FELLES,True,2019-07-30
15880098222,29811898528,FELLES,True,2018-01-29
15909398409,27862199729,FELLES,False,2021-06-29
15909398409,27862199729,MOR,False,2021-06-27
16839896887,30892196326,FELLES,True,2021-10-01
16839896887,26852098057,UKJENT,True,2020-05-26
17829698986,12852199863,FELLES,True,2021-05-25
17839497202,17882097897,FELLES,True,2020-08-17
17839497202,02881798460,FELLES,True,2017-08-02
17850599513,23922099901,FAR,True,2021-10-26
17850599513,23922099901,FELLES,False,2020-12-23
17850599513,17897598515,FELLES,True,2005-05-17
17850599513,25867398263,FELLES,True,2005-05-17
17898198227,19850898831,FELLES,True,2008-05-19
17929598660,23902098119,MOR,True,2021-04-14
18869298901,09872098779,FELLES,True,2020-07-09
20908797060,16892097686,FELLES,True,2020-09-16
21888599484,04832097859,FELLES,True,2020-03-04
21888599484,26841499572,FELLES,True,2014-04-26
21888599484,09831099655,FELLES,True,2010-03-09
22898599918,04832097859,FELLES,True,2020-03-04
22898599918,26841499572,FELLES,True,2014-04-26
22898599918,09831099655,FELLES,True,2010-03-09
22928298675,27842097474,FELLES,True,2020-04-27
22928298675,02831398437,FELLES,True,2013-03-02
22928298675,26890898946,FELLES,True,2008-09-26
23839897634,27812199698,FELLES,True,2021-01-27
23839897634,30871998619,FELLES,True,2019-07-30
23839897634,29811898528,FELLES,True,2018-01-29
23858099811,09852199684,FELLES,True,2021-05-09
23889697652,25852199841,FELLES,False,2021-05-25
24835498561,27812199779,FELLES,False,2021-02-10
24835498561,27812199779,FELLES,True,2021-01-27
24835498561,30871998104,FELLES,True,2019-07-30
24835498561,29811898285,FELLES,True,2018-01-29
24859599288,09872098779,FELLES,True,2020-07-09
24869797894,25852199922,FELLES,False,2021-05-25
26909199947,14852199831,FELLES,True,2021-05-26
27903249671,27812199930,FELLES,True,2021-01-27
27903249671,30871998376,FELLES,True,2019-07-30
27903249671,29811898447,FELLES,True,2018-01-29
28869998828,08852199998,FELLES,False,2021-05-11
28869998828,08852199998,FELLES,True,2021-05-11
28909798894,25852199922,MOR,True,2021-06-05
28909798894,25852199922,FELLES,False,2021-05-25
28909798894,25852199922,FELLES,False,2021-05-25
30839498094,27862199486,FELLES,False,2021-06-29
30839498094,27862199486,MOR,False,2021-06-27
30849597473,14852199912,FELLES,True,2021-05-30
01881599607,03899698656,FELLES,False,2021-05-15
01881599607,03899698656,FELLES,True,2021-05-15
01881599607,10919899897,FELLES,True,2021-05-15
01906799436,04840599898,FELLES,True,2005-04-04
01906799436,15860399846,FELLES,False,2003-06-15
01911299743,11888399714,FELLES,True,2012-11-01
01911299743,15878599893,FELLES,True,2012-11-01
01927399128,31810999201,FELLES,False,2009-01-31
02831398437,22928298675,FELLES,True,2013-03-02
02831398437,12918398544,FELLES,True,2013-03-02
02881798460,17839497202,FELLES,True,2017-08-02
02881798460,01889496130,FELLES,True,2017-08-02
03816697777,04840599898,FELLES,True,2005-04-04
03816697777,15860399846,FELLES,False,2003-06-15
03817197700,11870699095,FELLES,True,2006-07-11
03817197700,06830499340,FELLES,True,2004-03-06
03907298069,29851099415,FELLES,True,2010-05-29
03907298069,23830699236,FELLES,True,2006-03-23
03911899050,05868598443,FELLES,True,2018-11-03
03911899050,02858598799,FELLES,True,2018-11-03
04817299348,29851099415,FELLES,True,2010-05-29
04817299348,23830699236,FELLES,True,2006-03-23
05917397092,05840797505,FELLES,True,2007-04-05
07821599762,15858298390,FELLES,True,2015-02-07
07821599762,13868199428,FELLES,True,2015-02-07
08861699782,15858298390,FELLES,True,2016-06-08
08861699782,13868199428,FELLES,True,2016-06-08
08900399104,04888099293,FELLES,False,2003-10-08
08900399104,24817898501,FELLES,False,2003-10-08
09831099655,21888599484,FELLES,True,2010-03-09
09831099655,22898599918,FELLES,True,2010-03-09
10867196426,31880398280,MOR,False,2021-05-14
10867196426,31880398280,FELLES,False,2003-08-31
10906993134,28870596970,FELLES,True,2005-07-28
10906993134,21860598504,FELLES,True,2005-06-21
11900397706,27864897296,FELLES,False,2021-02-10
11900397706,11858297550,FELLES,False,2021-02-10
11900397978,05908699418,FELLES,False,2021-02-10
11900397978,26897196149,FELLES,False,2021-02-10
11917098443,04900499936,FELLES,True,2004-10-04
12817197157,05840797505,FELLES,True,2007-04-05
13816996745,25890398599,FELLES,False,2003-09-25
13867396122,31880398280,FELLES,False,2003-08-31
14872099205,15858298390,FELLES,True,2020-07-14
14872099205,13868199428,FELLES,True,2020-07-14
15921498656,04888099293,FELLES,True,2014-12-15
15921498656,24817898501,FELLES,True,2014-12-15
17830799303,15858298390,FELLES,True,2007-03-17
17830799303,13868199428,FELLES,True,2007-03-17
17880999648,11888399714,FELLES,True,1993-10-24
17880999648,15878599893,FELLES,True,1993-10-24
17897598515,17850599513,FELLES,True,2005-05-17
19850898831,12878197559,FELLES,True,2008-05-19
19850898831,17898198227,FELLES,True,2008-05-19
19888599153,21811299151,FELLES,True,2012-01-21
19888599153,04890799456,FELLES,True,2007-09-04
20828398084,23921298536,FELLES,True,2012-12-23
20917196819,03900597230,FELLES,True,2005-10-03
21860598504,10906993134,FELLES,True,2005-06-21
21860598504,01836696804,FELLES,True,2005-06-21
21880999009,05868598443,FELLES,True,2009-08-21
21880999009,02858598799,FELLES,True,2009-08-21
21887399171,10870499952,FELLES,True,2004-07-10
21906998383,04900499936,FELLES,True,2004-10-04
21927697898,15921399267,FELLES,True,2013-12-15
21927697898,26831197780,FELLES,True,2011-03-26
21927697898,19890898478,FELLES,True,2008-09-19
21927697898,15830699233,FELLES,True,2006-03-15
22917499806,10870499952,FELLES,True,2004-07-10
23881298619,05868598443,FELLES,True,1979-11-13
23881298619,02858598799,FELLES,True,1979-11-13
24817898501,15921498656,FELLES,True,2014-12-15
24817898501,08900399104,FELLES,False,2003-10-08
25849697822,30892196326,FELLES,True,2021-10-01
25867398263,17850599513,FELLES,True,2005-05-17
26841499572,21888599484,FELLES,True,2014-04-26
26841499572,22898599918,FELLES,True,2014-04-26
26890898946,22928298675,FELLES,True,2008-09-26
26890898946,12918398544,FELLES,True,2008-09-26
26900499441,30866697813,FELLES,True,2004-10-26
26900499441,01836897125,FELLES,True,2004-10-26
26917795621,31900898102,FELLES,True,2008-10-31
27818299082,21811299151,FELLES,True,2012-01-21
27818299082,04890799456,FELLES,True,2007-09-04
28837397830,08880799321,FELLES,True,2007-08-08
28870596970,10906993134,FELLES,True,2005-07-28
28870596970,01836696804,FELLES,True,2005-07-28
29870399187,30866697813,FELLES,False,2003-07-29
29870399187,01836897125,FELLES,False,2003-07-29
30857097099,25890398599,FELLES,False,2003-09-25
30866697813,26900499441,FELLES,True,2004-10-26
30866697813,29870399187,FELLES,False,2003-07-29
30867499659,11870699095,FELLES,True,2006-07-11
30867499659,06830499340,FELLES,True,2004-03-06
30892196326,25849697822,FELLES,True,2021-10-01
30892196326,16839896887,FELLES,True,2021-10-01
30918398437,09911899318,FELLES,True,2018-11-09
30927696955,15921399267,FELLES,True,2013-12-15
30927696955,26831197780,FELLES,True,2011-03-26
30927696955,19890898478,FELLES,True,2008-09-19
30927696955,15830699233,FELLES,True,2006-03-15
01908799735,10821699881,FELLES,True,2016-02-10
03838098400,30811097655,FELLES,True,2010-01-30
03838098400,05820698136,FELLES,True,2006-02-05
03900597230,28897296723,FELLES,True,2005-10-03
03900597230,20917196819,FELLES,True,2005-10-03
04818198480,08911898676,FELLES,True,2018-11-08
04818198480,13851699788,FELLES,True,2016-05-13
04827296371,08880799321,FELLES,True,2007-08-08
04828899290,19821898466,MOR,True,2021-05-16
04840599898,03816697777,FELLES,True,2005-04-04
04840599898,01906799436,FELLES,True,2005-04-04
04900499936,21906998383,FELLES,True,2004-10-04
04900499936,11917098443,FELLES,True,2004-10-04
05827898246,13912199295,FELLES,True,2021-11-13
05828999674,16902197897,FELLES,True,2021-10-16
05878198036,27881299025,FELLES,True,2012-08-27
05878198036,01891198678,FELLES,True,2011-09-01
05878198036,07830998238,FELLES,True,2009-03-07
05878497114,20851199404,FELLES,True,2011-05-20
05878497114,10900897842,FELLES,True,2008-10-10
06830499340,30867499659,FELLES,True,2004-03-06
06830499340,03817197700,FELLES,True,2004-03-06
06888298329,09911899318,FELLES,True,2018-11-09
06899199977,17831999969,FELLES,True,2019-03-17
06919097882,13811998049,FELLES,True,2019-01-13
06919097882,08861797792,FELLES,True,2017-06-08
06919097882,26921297245,FELLES,True,2012-12-26
06919099621,20861699731,FELLES,True,2016-06-20
06919099621,19891299608,FELLES,True,2012-09-19
07849499585,21921999469,FELLES,True,2019-12-21
07917396439,11850397637,FELLES,False,2003-05-11
08829698278,09912199239,MOR,True,2021-11-09
08880799321,04827296371,FELLES,True,2007-08-08
08880799321,28837397830,FELLES,True,2007-08-08
08887198781,01820699579,FELLES,True,2006-02-01
09826698656,19900498856,FELLES,True,2004-10-19
09867397636,13921099589,FELLES,True,2010-12-13
09867397636,06870799959,FELLES,True,2007-07-06
09868499858,11910799276,MOR,True,2021-06-09
09868499858,11910799276,FELLES,False,2007-11-11
09868499858,04870799719,FELLES,True,2007-07-04
09898397553,03822098532,FELLES,True,2020-02-03
09898397553,17811398160,FELLES,True,2013-01-17
09911899318,06888298329,FELLES,True,2018-11-09
09911899318,30918398437,FELLES,True,2018-11-09
10870499952,21887399171,FELLES,True,2004-07-10
10870499952,22917499806,FELLES,True,2004-07-10
10897999086,24831498559,FELLES,True,2014-03-24
11870699095,30867499659,FELLES,True,2006-07-11
11870699095,03817197700,FELLES,True,2006-07-11
12847798783,10921299937,FELLES,True,2012-12-10
12847798783,07920799471,FELLES,True,2007-12-07
12867499170,10890999765,FELLES,True,2009-09-10
13848899393,08921697911,FELLES,True,2016-12-08
13857297681,20840799582,FELLES,True,2007-04-20
13857297681,16890498306,FELLES,True,2004-09-16
14858597782,23921298536,FELLES,True,2012-12-23
14898498949,20831599821,FELLES,True,2015-03-20
14898498949,02911399108,FELLES,True,2013-11-02
14898498949,19890699068,FELLES,True,2006-09-19
14918999230,13841498962,FELLES,True,2014-04-13
14918999230,30861199041,FELLES,True,2011-06-30
15860399846,03816697777,FELLES,False,2003-06-15
15860399846,01906799436,FELLES,False,2003-06-15
15887799897,30911299999,FELLES,True,2012-11-30
15887799897,06871299720,FELLES,True,2012-07-06
15918098418,07881498493,FELLES,True,2014-08-07
15921399267,21927697898,FELLES,True,2013-12-15
15921399267,30927696955,FELLES,True,2013-12-15
16869499254,31921998999,FELLES,True,2019-12-31
17878199707,15911299256,FELLES,True,2012-11-15
17878199707,15911299256,FELLES,False,2012-11-15
18898895498,13891998230,MOR,True,2021-05-16
18898895498,22871497242,FELLES,True,2014-07-22
19890898478,21927697898,FELLES,True,2008-09-19
19890898478,30927696955,FELLES,True,2008-09-19
19907698885,01891098738,FELLES,True,2010-09-01
20848395340,17882098761,FELLES,True,2020-08-17
20848395340,10871497899,FELLES,True,2014-07-10
20848395340,17871098905,FELLES,True,2010-07-17
20848395340,14810797496,FELLES,True,2007-01-14
20867896342,13881197752,FELLES,True,2011-08-13
20867896342,21840798485,FELLES,True,2007-04-21
20867896342,22850498451,FELLES,True,2004-05-22
21811299151,19888599153,FELLES,True,2012-01-21
21811299151,27818299082,FELLES,True,2012-01-21
21827295946,26850997941,FELLES,True,2009-05-26
22836996252,27840598891,FELLES,True,2005-04-27
23830699236,04817299348,FELLES,True,2006-03-23
23830699236,03907298069,FELLES,True,2006-03-23
23917899819,01850999925,FELLES,True,2009-05-01
23921298536,20828398084,FELLES,True,2012-12-23
23921298536,14858597782,FELLES,True,2012-12-23
24879498372,18821897986,FELLES,True,2018-02-18
24927695975,31900898102,FELLES,True,2008-10-31
25838199669,16892099697,FELLES,True,2020-09-16
25838199669,23842099943,FELLES,True,2020-04-23
25838199669,06891499904,FELLES,True,2014-09-06
25838199669,26841199781,FELLES,True,2011-04-26
25890398599,30857097099,FELLES,False,2003-09-25
25890398599,13816996745,FELLES,False,2003-09-25
25897397288,31810999201,MOR,True,2021-06-27
25897397288,31810999201,FELLES,False,2009-01-31
25897897949,25870499909,FELLES,True,2004-07-25
25897897949,25891299985,FELLES,True,1982-01-07
25918999402,04861198605,FELLES,True,2011-06-04
26831197780,21927697898,FELLES,True,2011-03-26
26831197780,30927696955,FELLES,True,2011-03-26
28878298944,13900999539,FELLES,True,2009-10-13
28888499417,15831199862,FELLES,True,2011-03-15
28888499417,16881099911,FELLES,True,2010-08-16
28897296723,03900597230,FELLES,True,2005-10-03
29851099415,04817299348,FELLES,True,2010-05-29
29851099415,03907298069,FELLES,True,2010-05-29
29907398399,21830599409,FELLES,True,2005-03-21
29907398399,21830599409,FAR,False,2005-03-21
29907398399,06820699392,FELLES,True,1985-05-03
30847697942,30810499873,FELLES,True,2004-01-30
30908499413,29921299425,FELLES,True,2012-12-29
30908499413,29921299425,FELLES,False,2012-12-29
31810999201,25897397288,MOR,True,2021-06-27
31810999201,01927399128,FELLES,False,2009-01-31
31810999201,25897397288,FELLES,False,2009-01-31
31880398280,10867196426,MOR,False,2021-05-14
31880398280,10867196426,FELLES,False,2003-08-31
31880398280,13867396122,FELLES,False,2003-08-31
31900898102,24927695975,FELLES,True,2008-10-31
31900898102,26917795621,FELLES,True,2008-10-31
01820699579,14837195609,FELLES,True,2006-02-01
01820699579,08887198781,FELLES,True,2006-02-01
01826897488,07870599794,FELLES,True,2005-07-07
01826897488,11850499901,FELLES,True,2004-05-11
01848098937,02821399230,FELLES,True,2013-02-02
01850999925,13877699565,FELLES,True,2009-05-01
01850999925,23917899819,FELLES,True,2009-05-01
01891098738,19907698885,FELLES,True,2010-09-01
01891098738,23927897717,FELLES,True,2010-09-01
01891198678,05878198036,FELLES,True,2011-09-01
01891198678,02878498324,FELLES,True,2011-09-01
02878498324,27881299025,FELLES,True,2012-08-27
02878498324,01891198678,FELLES,True,2011-09-01
02878498324,07830998238,FELLES,True,2009-03-07
02898299328,11910799276,FELLES,False,2007-11-11
02898299328,04870799719,FELLES,True,2007-07-04
02911399108,09878299210,FELLES,True,2013-11-02
02911399108,14898498949,FELLES,True,2013-11-02
02917697704,13912199295,FELLES,True,2021-11-13
03816996693,12900599445,MOR,True,2021-06-14
03816996693,06870499572,FELLES,True,2004-07-06
03822098532,09898397553,FELLES,True,2020-02-03
03822098532,20848393682,FELLES,True,2020-02-03
03857599240,23870699549,FELLES,True,2006-07-23
03868098057,06910498515,MOR,True,2021-05-02
03868098057,29901098024,FELLES,True,2010-10-29
03898898236,27901599268,MOR,True,2021-04-13
03907797774,22881498379,FELLES,True,2014-08-22
03907797774,29921199323,FELLES,True,2011-12-29
03907797774,05820999063,FELLES,True,2009-02-05
03909096234,08921697911,FELLES,True,2016-12-08
04818399397,20921398388,FELLES,True,2013-12-20
04818399397,30910899461,FELLES,True,2008-11-30
04818399397,30861299224,FELLES,True,1965-10-07
04828497206,19881698474,MOR,True,2021-05-04
04828497206,19900799007,FELLES,True,2007-10-19
04828497206,10920698250,FELLES,True,2006-12-10
04857699624,10921299937,FELLES,True,2012-12-10
04857699624,07920799471,FELLES,True,2007-12-07
04861198605,25918999402,FELLES,True,2011-06-04
04861198605,09848698935,FELLES,True,2011-06-04
04870799719,02898299328,FELLES,True,2007-07-04
04870799719,09868499858,FELLES,True,2007-07-04
04898697792,13811998049,FELLES,True,2019-01-13
04898697792,08861797792,FELLES,True,2017-06-08
04898697792,26921297245,FELLES,True,2012-12-26
04907497831,26850999014,FELLES,True,2009-05-26
04927898840,16891498334,FELLES,True,2014-09-16
04927898840,14821299773,FELLES,True,2012-02-14
04927898840,09851199575,FELLES,True,2011-05-09
04927898840,12911099126,FELLES,True,2010-11-12
05820698136,08827697932,FELLES,True,2006-02-05
05820698136,03838098400,FELLES,True,2006-02-05
05828599358,18812099554,FELLES,True,2020-01-18
05897598819,21830599409,FELLES,True,2005-03-21
05897598819,06820699392,FELLES,True,1985-05-03
05898199314,23911998491,FELLES,True,2019-11-23
05898199314,08911898919,FELLES,True,2018-11-08
05898199314,24840898403,FELLES,True,2008-04-24
06819496933,22831698199,FELLES,True,2016-03-22
06820699392,29907398399,FELLES,True,1985-05-03
06820699392,05897598819,FELLES,True,1985-05-03
06870799959,27847399126,FELLES,True,2007-07-06
06870799959,09867397636,FELLES,True,2007-07-06
06871299720,14877698700,FELLES,True,2012-07-06
06871299720,15887799897,FELLES,True,2012-07-06
06879099380,12901899698,FELLES,True,2018-10-12
06879099380,08821399093,FELLES,True,2013-02-08
06891499904,25838199669,FELLES,True,2014-09-06
06891499904,13918599732,FELLES,True,2014-09-06
07826797139,01810599134,FELLES,True,2005-10-08
07826797139,06900499238,FELLES,False,2004-10-06
07826797139,06860499078,FELLES,True,2004-06-06
07830998238,05878198036,FELLES,True,2009-03-07
07830998238,02878498324,FELLES,True,2009-03-07
07878198004,04860798501,FELLES,True,2007-06-04
07881498493,31817797337,FELLES,True,2014-08-07
07881498493,15918098418,FELLES,True,2014-08-07
07897197949,26850999014,FELLES,True,2009-05-26
07920799471,04857699624,FELLES,True,2007-12-07
07920799471,12847798783,FELLES,True,2007-12-07
07927998445,13881197752,FELLES,True,2011-08-13
07927998445,21840798485,FELLES,True,2007-04-21
07927998445,22850498451,FELLES,True,2004-05-22
08827697932,30811097655,FELLES,True,2010-01-30
08827697932,05820698136,FELLES,True,2006-02-05
08836696272,01860498975,FELLES,True,2004-06-01
08848498883,08870898720,MOR,True,2021-05-10
08848498883,22910998777,FELLES,True,2009-11-22
08861797792,04898697792,FELLES,True,2017-06-08
08861797792,06919097882,FELLES,True,2017-06-08
08899499817,17831999969,FELLES,True,2019-03-17
08908398336,08911898676,FELLES,True,2018-11-08
08908398336,13851699788,FELLES,True,2016-05-13
08911898676,08908398336,FELLES,True,2018-11-08
08911898676,04818198480,FELLES,True,2018-11-08
08921697911,13848899393,FELLES,True,2016-12-08
08921697911,03909096234,FELLES,True,2016-12-08
09848698935,04861198605,FELLES,True,2011-06-04
09857196144,18850798377,FELLES,True,2007-05-18
09857797105,25901598587,FELLES,True,2015-10-25
09857797105,23860598078,FELLES,True,2005-06-23
09878299210,20831599821,FELLES,True,2015-03-20
09878299210,02911399108,FELLES,True,2013-11-02
09878299210,19890699068,FELLES,True,2006-09-19
09878899730,20861699731,FELLES,True,2016-06-20
09878899730,19891299608,FELLES,True,2012-09-19
09887497718,04920797968,FELLES,True,2007-12-04
09898298164,29820898832,FELLES,False,2008-02-29
09912199239,08829698278,MOR,True,2021-11-09
09917298669,25920799526,FELLES,True,2007-12-25
09917298669,29820499814,FELLES,True,2004-02-29
10821699881,28838899864,FELLES,True,2016-02-10
10821699881,01908799735,FELLES,True,2016-02-10
10846797136,19900498856,FELLES,True,2004-10-19
10871497899,15898398290,FELLES,True,2014-07-10
10871497899,20848395340,FELLES,True,2014-07-10
10890999765,12867499170,FELLES,True,2009-09-10
10890999765,16857498090,FELLES,True,2009-09-10
10900897842,18908397866,FELLES,True,2008-10-10
10900897842,05878497114,FELLES,True,2008-10-10
10917797051,29891299689,FELLES,True,2012-09-29
10921299937,04857699624,FELLES,True,2012-12-10
10921299937,12847798783,FELLES,True,2012-12-10
11847798159,03811498083,FELLES,True,2014-01-03
11850397637,07917396439,FELLES,False,2003-05-11
11850397637,13907297750,FELLES,False,2003-05-11
11910799276,09868499858,MOR,True,2021-06-09
11910799276,02898299328,FELLES,False,2007-11-11
11910799276,09868499858,FELLES,False,2007-11-11
11918297962,24902197628,FELLES,True,2021-10-24
12847899830,30810499873,FELLES,True,2004-01-30
12856897115,28860599432,FELLES,True,2005-06-28
12869497620,07821799451,FELLES,True,2017-02-07
12908498656,02841499665,FELLES,True,2014-04-02
12908498656,17811499560,FELLES,True,2014-01-17
12917898268,12830798887,FELLES,True,2007-03-12
12917898268,12880398944,FELLES,False,2003-08-12
13811998049,04898697792,FELLES,True,2019-01-13
13811998049,06919097882,FELLES,True,2019-01-13
13841498962,14918999230,FELLES,True,2014-04-13
13841498962,24869099526,FELLES,True,2014-04-13
13851699788,08908398336,FELLES,True,2016-05-13
13851699788,04818198480,FELLES,True,2016-05-13
13867296969,10921096939,FELLES,True,2010-12-10
13867296969,30890398908,FELLES,False,2003-09-30
13869499085,03911799463,FELLES,True,2017-11-03
13877699565,01850999925,FELLES,True,2009-05-01
13879097929,14821697736,FELLES,True,2016-02-14
13881197752,20867896342,FELLES,True,2011-08-13
13881197752,07927998445,FELLES,True,2011-08-13
13887899406,25870499909,FELLES,True,2004-07-25
13887899406,25891299985,FELLES,True,1982-01-07
13891998230,18898895498,MOR,True,2021-05-16
13891998230,23929097130,FELLES,False,2019-09-13
13900999539,14888499238,FELLES,True,2009-10-13
13900999539,28878298944,FELLES,True,2009-10-13
13907297750,11850397637,FELLES,False,2003-05-11
13912199295,02917697704,FELLES,True,2021-11-13
13912199295,05827898246,FELLES,True,2021-11-13
13918599732,16892099697,FELLES,True,2020-09-16
13918599732,23842099943,FELLES,True,2020-04-23
13918599732,06891499904,FELLES,True,2014-09-06
13918599732,26841199781,FELLES,True,2011-04-26
13921099589,27847399126,FELLES,True,2010-12-13
13921099589,09867397636,FELLES,True,2010-12-13
14810797496,15898398290,FELLES,True,2007-01-14
14810797496,20848395340,FELLES,True,2007-01-14
14818098279,07910598303,FELLES,True,2005-11-07
14837195609,01820699579,FELLES,True,2006-02-01
14868098652,25910499583,FELLES,True,2004-11-25
14877698700,30911299999,FELLES,True,2012-11-30
14877698700,06871299720,FELLES,True,2012-07-06
14888499238,13900999539,FELLES,True,2009-10-13
14917195324,21850798556,FELLES,True,2007-05-21
15831199862,31878599384,FELLES,True,2011-03-15
15831199862,28888499417,FELLES,True,2011-03-15
15837897766,24831498559,FELLES,True,2014-03-24
15847699059,07831098702,FELLES,True,2010-03-07
15856895898,11840597689,MOR,True,2021-04-13
15856895898,11840597689,FELLES,False,2005-04-11
15858899432,22851799145,FELLES,True,2017-05-22
15858899432,18891199739,FELLES,True,2011-09-18
15867898600,29911299001,FELLES,True,2012-11-29
15867898600,29920898104,FELLES,True,2008-12-29
15867898600,13840897952,FELLES,True,2008-04-13
15867898600,21810798677,FELLES,True,2007-01-21
15867898600,17860397722,FELLES,False,2003-06-17
15898398290,17882098761,FELLES,True,2020-08-17
15898398290,10871497899,FELLES,True,2014-07-10
15898398290,17871098905,FELLES,True,2010-07-17
15898398290,14810797496,FELLES,True,2007-01-14
15911299256,17878199707,FELLES,True,2012-11-15
15911299256,16828199475,FELLES,True,2012-11-15
15911299256,17878199707,FELLES,False,2012-11-15
16828199475,15911299256,FELLES,True,2012-11-15
16849199564,31921998999,FELLES,True,2019-12-31
16857498090,10890999765,FELLES,True,2009-09-10
16881099911,31878599384,FELLES,True,2010-08-16
16881099911,28888499417,FELLES,True,2010-08-16
16890498306,21907497523,FELLES,True,2004-09-16
16890498306,13857297681,FELLES,True,2004-09-16
16892099697,25838199669,FELLES,True,2020-09-16
16892099697,13918599732,FELLES,True,2020-09-16
16902197897,20818899549,FELLES,True,2021-10-16
16902197897,05828999674,FELLES,True,2021-10-16
16918598875,06891999494,FELLES,True,2019-09-06
16918598875,16921498938,FELLES,True,2014-12-16
16918598875,30870699340,FELLES,True,2006-07-30
16927398048,30910999563,FELLES,True,2009-11-30
16927398048,11890798898,FELLES,True,2007-09-11
16927498816,07912197098,MOR,True,2021-11-07
17811398160,09898397553,FELLES,True,2013-01-17
17811398160,20848393682,FELLES,True,2013-01-17
17831999969,06899199977,FELLES,True,2019-03-17
17831999969,08899499817,FELLES,True,2019-03-17
17837296935,16911097757,FELLES,True,2010-11-16
17837296935,14890698612,FELLES,True,2006-09-14
17856696456,22850498532,FELLES,True,2004-05-22
17856899020,12850399849,FELLES,False,2003-05-12
17857098722,09900399658,FELLES,False,2003-10-09
17871098905,15898398290,FELLES,True,2010-07-17
17871098905,20848395340,FELLES,True,2010-07-17
17882098761,15898398290,FELLES,True,2020-08-17
17882098761,20848395340,FELLES,True,2020-08-17
17898199444,18871599560,MOR,True,2021-05-07
17898199444,18871599560,FELLES,False,2015-07-18
17898199444,01860899309,FELLES,True,2008-06-01
17908899156,19821898466,FELLES,False,2018-02-19
17908899156,19821898466,FAR,False,2018-02-19
17919297662,20831698706,FELLES,True,2016-03-20
17927399547,29820899898,FELLES,True,2008-02-29
18821897986,24879498372,FELLES,True,2018-02-18
18821897986,25929397838,FELLES,True,2018-02-18
18857196933,15910898601,FELLES,True,2008-11-15
18908397866,20851199404,FELLES,True,2011-05-20
18908397866,10900897842,FELLES,True,2008-10-10
18908696197,23921698771,FELLES,True,2016-12-23
18908696197,28911596816,FELLES,True,2015-11-28
18908696197,12911597614,FELLES,True,2015-11-12
18908696197,25871598307,FELLES,True,2015-07-25
18916696716,27840598891,FELLES,True,2005-04-27
18927398016,07870599522,FELLES,True,2005-07-07
19821898466,04828899290,MOR,True,2021-05-16
19821898466,17908899156,FELLES,False,2018-02-19
19821898466,17908899156,FAR,False,2018-02-19
19890699068,09878299210,FELLES,True,2006-09-19
19890699068,14898498949,FELLES,True,2006-09-19
19891299608,06919099621,FELLES,True,2012-09-19
19891299608,09878899730,FELLES,True,2012-09-19
19900498856,09826698656,FELLES,True,2004-10-19
19900498856,10846797136,FELLES,True,2004-10-19
19907396498,14851099701,FELLES,True,2010-05-14
20818899549,16902197897,FELLES,True,2021-10-16
20831599821,09878299210,FELLES,True,2015-03-20
20831599821,14898498949,FELLES,True,2015-03-20
20840799582,21907497523,FELLES,True,2007-04-20
20840799582,13857297681,FELLES,True,2007-04-20
20848393682,03822098532,FELLES,True,2020-02-03
20848393682,17811398160,FELLES,True,2013-01-17
20851199404,18908397866,FELLES,True,2011-05-20
20851199404,05878497114,FELLES,True,2011-05-20
20857797559,22901498559,FELLES,True,2014-10-22
20857797559,17841498232,FELLES,True,2014-04-17
20857797559,20910998456,FELLES,True,2009-11-20
20857797559,01820699145,FELLES,False,2006-02-01
20861699731,06919099621,FELLES,True,2016-06-20
20861699731,09878899730,FELLES,True,2016-06-20
20876997895,02900498740,FELLES,True,2004-10-02
20876997895,09850499419,FELLES,True,2004-05-09
20907297048,26850997941,FELLES,True,2009-05-26
21816997612,30830598304,FELLES,True,2005-03-30
21819196351,10821698664,FELLES,True,2016-02-10
21827396246,02830498691,FELLES,True,2004-03-02
21830599409,29907398399,FELLES,True,2005-03-21
21830599409,05897598819,FELLES,True,2005-03-21
21830599409,29907398399,FAR,False,2005-03-21
21840798485,20867896342,FELLES,True,2007-04-21
21840798485,07927998445,FELLES,True,2007-04-21
21847296205,12880797539,FELLES,True,2007-08-12
21847296205,22870397899,FELLES,False,2003-07-22
21847698109,19890699572,FELLES,True,2006-09-19
21907497523,20840799582,FELLES,True,2007-04-20
21907497523,16890498306,FELLES,True,2004-09-16
21916996605,26860599030,FELLES,True,2005-06-26
21921999469,07849499585,FELLES,True,2019-12-21
21921999469,22909299245,FELLES,True,2019-12-21
22828698358,05891699311,FELLES,True,2016-09-05
22828698358,19891599237,FELLES,True,2015-09-19
22848499009,08880898982,FELLES,True,2008-08-08
22850498451,20867896342,FELLES,True,2004-05-22
22850498451,07927998445,FELLES,True,2004-05-22
22859298110,11901698661,FELLES,True,2016-10-11
22867296658,30840897997,FELLES,True,2008-04-30
22867296658,10910498229,FELLES,True,2004-11-10
22871497242,18898895498,FELLES,True,2014-07-22
22871497242,23929097130,FELLES,True,2014-07-22
22896995832,29820499067,FELLES,True,2004-02-29
22909299245,21921999469,FELLES,True,2019-12-21
23842099943,25838199669,FELLES,True,2020-04-23
23842099943,13918599732,FELLES,True,2020-04-23
23927897717,01891098738,FELLES,True,2010-09-01
23929097130,13891998230,FELLES,False,2019-09-13
23929097130,22871497242,FELLES,True,2014-07-22
24831498559,15837897766,FELLES,True,2014-03-24
24831498559,10897999086,FELLES,True,2014-03-24
24847598790,04831098967,FELLES,True,2010-03-04
24847598790,07810598284,FELLES,True,2005-01-07
24866999186,24830599688,FELLES,True,2005-03-24
24867098271,23880399586,FELLES,False,2003-08-23
24869099526,13841498962,FELLES,True,2014-04-13
24869099526,30861199041,FELLES,True,2011-06-30
24887696418,16871397892,FELLES,True,2013-07-16
24887696418,02831197873,FELLES,True,2011-03-02
24887696418,26851097820,FELLES,True,2010-05-26
24917899505,10902187214,FELLES,True,2021-10-11
25870499909,25897897949,FELLES,True,2004-07-25
25870499909,13887899406,FELLES,True,2004-07-25
25877898167,24900897436,FELLES,True,2008-10-24
25877898167,20860799139,FELLES,True,2007-06-20
25891299985,25897897949,FELLES,True,1982-01-07
25891299985,13887899406,FELLES,True,1982-01-07
25927897442,12811598702,FELLES,True,2015-01-12
25927897442,23920398367,FELLES,True,2003-12-23
25929397838,18821897986,FELLES,True,2018-02-18
26841199781,25838199669,FELLES,True,2011-04-26
26841199781,13918599732,FELLES,True,2011-04-26
26850997941,20907297048,FELLES,True,2009-05-26
26850997941,21827295946,FELLES,True,2009-05-26
26877698679,26891399188,FELLES,True,2013-09-26
26877698679,31870797985,FELLES,True,2007-07-31
26877698679,22900499233,FELLES,True,2004-10-22
26877698679,15850398981,FELLES,False,2003-05-15
26917296692,16860398315,FELLES,False,2003-06-16
26921297245,04898697792,FELLES,True,2012-12-26
26921297245,06919097882,FELLES,True,2012-12-26
26928098841,05871099083,FELLES,True,2010-07-05
26928098841,09830799653,FELLES,True,2007-03-09
27840598891,22836996252,FELLES,True,2005-04-27
27840598891,18916696716,FELLES,True,2005-04-27
27847399126,13921099589,FELLES,True,2010-12-13
27847399126,06870799959,FELLES,True,2007-07-06
27881299025,05878198036,FELLES,True,2012-08-27
27881299025,02878498324,FELLES,True,2012-08-27
27897198512,17890899102,FELLES,True,2008-09-17
27928099674,20870798688,FELLES,True,2007-07-20
27928099674,08820997655,FELLES,True,1996-11-09
28838499629,11841699205,FELLES,True,2016-04-11
28838499629,26920999254,FELLES,True,2009-12-26
28838499629,15890899487,FELLES,True,2008-09-15
28838899864,10821699881,FELLES,True,2016-02-10
28857997230,26850996562,MOR,False,2021-01-26
28857997230,07851498685,FELLES,True,2014-05-07
28857997230,26850996562,FELLES,True,2009-05-26
28858899097,05921399458,FELLES,True,2013-12-05
28858899097,17921398794,FELLES,True,1988-02-09
28898398864,22881097773,FELLES,True,2010-08-22
29818499335,29921299425,FELLES,True,2012-12-29
29818499335,29921299425,FELLES,False,2012-12-29
29886797794,21850499478,FELLES,True,2004-05-21
29886797794,03860399988,FELLES,False,2003-06-03
29921299425,30908499413,FELLES,True,2012-12-29
29921299425,29818499335,FELLES,True,2012-12-29
29921299425,30908499413,FELLES,False,2012-12-29
29921299425,29818499335,FELLES,False,2012-12-29
29926797954,22830499346,FELLES,True,2004-03-22
30810499873,30847697942,FELLES,True,2004-01-30
30810499873,12847899830,FELLES,True,2004-01-30
30811097655,08827697932,FELLES,True,2010-01-30
30811097655,03838098400,FELLES,True,2010-01-30
30861199041,14918999230,FELLES,True,2011-06-30
30861199041,24869099526,FELLES,True,2011-06-30
30877999986,18861299941,FELLES,True,2012-06-18
30877999986,05860699828,FELLES,True,2006-06-05
30877999986,24890399939,FELLES,False,2003-09-24
30887197675,31920899148,FELLES,True,2008-12-31
30887197675,30880499560,FELLES,True,2004-08-30
30911299999,14877698700,FELLES,True,2012-11-30
30911299999,15887799897,FELLES,True,2012-11-30
31817699084,05901499650,FELLES,True,2014-10-05
31817699084,02900899931,FELLES,True,2008-10-02
31817797337,07881498493,FELLES,True,2014-08-07
31878599384,15831199862,FELLES,True,2011-03-15
31878599384,16881099911,FELLES,True,2010-08-16
31887194648,30920998174,FELLES,True,2009-12-30
31887194648,18890797462,FELLES,True,2007-09-18
31906798150,20910498976,FELLES,True,2004-11-20
31921998999,16869499254,FELLES,True,2019-12-31
31921998999,16849199564,FELLES,True,2019-12-31
01810599134,14876896037,FELLES,True,2005-10-08
01810599134,07826797139,FELLES,True,2005-10-08
01837699556,07910598303,FELLES,True,2005-11-07
01860498975,17896696920,FELLES,True,2004-06-01
01860498975,08836696272,FELLES,True,2004-06-01
01868297812,18881298542,FELLES,True,2012-08-18
01887497644,18850798377,FELLES,True,2007-05-18
02821399230,22857999227,FELLES,True,2013-02-02
02821399230,01848098937,FELLES,True,2013-02-02
02828699442,19832099654,FELLES,True,2020-03-19
02828899131,12811899559,FELLES,True,2018-01-12
02841499665,12908498656,FELLES,True,2014-04-02
02841499665,06908598995,FELLES,True,2014-04-02
02858899373,07921699993,FELLES,True,2016-12-07
02858899373,06891299972,FELLES,True,2012-09-06
02868998752,09881298772,FELLES,True,2012-08-09
02887998542,25861499432,FELLES,True,2014-06-25
02887998542,19870898811,FELLES,True,2008-07-19
02887998542,12880499406,FELLES,True,2004-08-12
02889099324,27901599268,FELLES,False,2015-10-27
02909499316,08861798586,FELLES,True,2017-06-08
02909499316,03851799566,FELLES,True,2017-05-03
03811498083,07857698252,FELLES,True,2014-01-03
03811498083,11847798159,FELLES,True,2014-01-03
03818499883,09901399929,FELLES,True,2013-10-09
03818499883,03880799850,FELLES,True,2007-08-03
03818499883,29830799948,FELLES,True,2007-03-29
03818898125,25812099275,FELLES,True,2020-01-25
03827899819,19840699431,FELLES,True,2006-04-19
03837094975,05830495551,FELLES,True,2004-03-05
03898298573,01881298275,FELLES,True,2012-08-01
03899098721,02821198758,FELLES,True,2011-02-02
03911799463,13869499085,FELLES,True,2017-11-03
03911799463,04909298992,FELLES,True,2017-11-03
03928399639,01921999921,FELLES,True,2019-12-01
03928399639,30871299990,FELLES,True,2012-07-30
03928399639,17890699847,FELLES,True,2006-09-17
04827598092,01920697425,FELLES,True,2006-12-01
04849597316,20921898534,FELLES,True,2018-12-20
04860798501,15928298792,FAR,False,2021-01-26
04860798501,07878198004,FELLES,True,2007-06-04
04860798501,15928298792,FELLES,True,2007-06-04
04879295403,12881997175,FELLES,True,2019-08-12
04888399912,07850799908,FELLES,True,2007-05-07
04889099807,13871699768,FELLES,True,2016-07-13
04889198015,05892097919,MOR,True,2021-06-02
04889198015,05892097919,FELLES,False,2020-09-05
04908799076,27852098843,FELLES,True,2020-05-27
04908799076,24861699435,FELLES,True,2016-06-24
04909298992,03911799463,FELLES,True,2017-11-03
04920797968,09887497718,FELLES,True,2007-12-04
04920797968,18857195201,FELLES,True,2007-12-04
05819497283,22831698199,FELLES,True,2016-03-22
05820999063,18837798899,FELLES,True,2009-02-05
05820999063,03907797774,FELLES,True,2009-02-05
05837499218,31870799139,FELLES,True,2007-07-31
05838098055,23841398831,FELLES,True,2013-04-23
05847696798,29901098024,FELLES,True,2010-10-29
05847696798,06910498515,FELLES,False,2004-11-06
05858598615,20921398388,FELLES,True,2013-12-20
05858598615,30910899461,FELLES,True,2008-11-30
05858598615,30861299224,FELLES,True,1965-10-07
05887697118,10831598129,FELLES,True,2015-03-10
05887697118,17870698720,FELLES,True,2006-07-17
05897899584,31851098448,FELLES,True,2010-05-31
05897899584,04811099770,FELLES,True,2010-01-04
05897899584,11900798735,FELLES,True,2007-10-11
06819598299,27881998691,FELLES,True,2019-08-27
06819598299,14881798590,FELLES,True,2017-08-14
06849397352,23851799265,FELLES,True,2017-05-23
06857598545,28850699382,FELLES,True,2006-05-28
06860499078,14876896037,FELLES,True,2004-06-06
06860499078,07826797139,FELLES,True,2004-06-06
06866996812,25830597606,FELLES,True,2005-03-25
06870499572,28916797178,FELLES,True,2004-07-06
06870499572,03816996693,FELLES,True,2004-07-06
06878499598,01921498477,FELLES,True,2014-12-01
06878499598,30911197886,FELLES,True,2011-11-30
06887197405,08860999979,MOR,True,2021-06-18
06887197405,12910599001,FELLES,True,2005-11-12
06887599732,18840999617,FELLES,True,2009-04-18
06887599732,06880699685,FELLES,True,2006-08-06
06888695840,14871597341,FELLES,True,2015-07-14
06900499238,14876896037,MOR,True,2021-05-17
06900499238,07826797139,FELLES,False,2004-10-06
06908598995,02841499665,FELLES,True,2014-04-02
06908598995,17811499560,FELLES,True,2014-01-17
06910498515,03868098057,MOR,True,2021-05-02
06910498515,05847696798,FELLES,False,2004-11-06
07818798827,21911898826,FELLES,True,2018-11-21
07821799451,12869497620,FELLES,True,2017-02-07
07821799451,07839297704,FELLES,True,2017-02-07
07829598722,03811897778,FELLES,True,2018-01-03
07838397292,03822098370,FELLES,True,2020-02-03
07838397292,29920799300,FELLES,True,2007-12-29
07839297704,07821799451,FELLES,True,2017-02-07
07848798392,08921298650,FELLES,False,2012-12-08
07849599253,10871799348,FELLES,True,2017-07-10
07857698252,03811498083,FELLES,True,2014-01-03
07868498905,22910998777,FELLES,True,2009-11-22
07868498905,08870898720,FELLES,False,2008-07-08
07870599794,30846797501,FELLES,True,2005-07-07
07870599794,01826897488,FELLES,True,2005-07-07
07910598303,14818098279,FELLES,True,2005-11-07
07910598303,01837699556,FELLES,True,2005-11-07
07929097720,13851298406,FELLES,True,2012-05-13
08821399093,06879099380,FELLES,True,2013-02-08
08821399093,30918998876,FELLES,True,2013-02-08
08847798999,01811099925,FELLES,True,2010-11-08
08847798999,23860599376,FELLES,True,2005-06-23
08870898720,08848498883,MOR,True,2021-05-10
08870898720,07868498905,FELLES,False,2008-07-08
08911898919,25888298412,FELLES,True,2018-11-08
08911898919,05898199314,FELLES,True,2018-11-08
09836899471,19840599178,FELLES,True,2005-04-19
09837298439,29880699634,FELLES,True,2006-08-29
09851199575,20857897731,FELLES,True,2011-05-09
09851199575,04927898840,FELLES,True,2011-05-09
09857695779,20811398188,FELLES,True,2013-01-20
09857695779,01821298659,FELLES,True,2012-02-01
09857695779,30871099525,FELLES,True,2010-07-30
09887998849,15841399118,FELLES,True,2013-04-15
09887998849,15841399118,FELLES,False,2013-04-15
09888197521,22901898956,FELLES,True,2018-10-22
09908398022,03911699019,FELLES,True,2016-11-03
09908398022,29851599329,FELLES,True,2015-05-29
09917896744,13900897930,FELLES,True,2008-10-13
09917896744,16840496930,FELLES,True,2004-04-16
10818298779,21821599366,FELLES,True,2015-02-21
10908499048,03841399683,FELLES,True,2013-04-03
10908499048,24840699699,FELLES,True,2006-04-24
10920698250,14818299770,FELLES,True,2006-12-10
10920698250,04828497206,FELLES,True,2006-12-10
10921096939,29847196872,FELLES,True,2010-12-10
10921096939,13867296969,FELLES,True,2010-12-10
10926996857,28900598728,FELLES,True,2005-10-28
10929399620,25852099901,FELLES,True,2020-05-25
11816799459,28860599432,FELLES,True,2005-06-28
11828798016,15911999010,FELLES,True,2019-11-15
11828798016,08811298450,FELLES,True,2012-01-08
11850499901,30846797501,FELLES,True,2004-05-11
11850499901,01826897488,FELLES,True,2004-05-11
11888798147,05811598749,FELLES,True,2015-01-05
11888798147,11881299110,FELLES,True,2012-08-11
11896998112,30860499823,FELLES,True,2004-06-30
11899298251,23871699305,MOR,True,2021-06-27
11907995021,14891598387,FELLES,True,2015-09-14
12830798887,25848097112,FELLES,True,2007-03-12
12830798887,12917898268,FELLES,True,2007-03-12
12830798887,25848097112,FELLES,False,2007-03-12
12839195859,14871899224,FELLES,True,2018-07-14
12839195859,04841897272,FELLES,True,2018-04-04
12869497892,08862099371,FELLES,True,2020-06-08
12869497892,27821898388,FELLES,True,2018-02-27
12869497892,10841698806,FELLES,True,2016-04-10
12880398944,25848097112,FELLES,False,2003-08-12
12880398944,12917898268,FELLES,False,2003-08-12
12889198875,03831899092,FELLES,True,2018-03-03
12900599445,03816996693,MOR,True,2021-06-14
12900599445,28916797178,FELLES,False,2005-10-12
12901899698,06879099380,FELLES,True,2018-10-12
12901899698,30918998876,FELLES,True,2018-10-12
12911099126,20857897731,FELLES,True,2010-11-12
12911099126,04927898840,FELLES,True,2010-11-12
13817596961,09861098084,FELLES,True,2010-06-09
13817596961,15850899336,FELLES,True,2008-05-15
13819598848,21822098344,FELLES,True,2020-02-21
13857797919,22841497000,FELLES,False,2014-04-22
13857797919,26890399311,FELLES,False,2003-09-26
13858397620,19880796537,FELLES,True,2007-08-19
13858699260,30841998800,MOR,True,2021-09-24
14818299770,19881698474,FELLES,False,2016-08-19
14818299770,19900799007,FELLES,True,2007-10-19
14818299770,10920698250,FELLES,True,2006-12-10
14821299773,20857897731,FELLES,True,2012-02-14
14821299773,04927898840,FELLES,True,2012-02-14
14821697736,13879097929,FELLES,True,2016-02-14
14821697736,22818996229,FELLES,True,2016-02-14
14866894540,30890398231,FELLES,False,2003-09-30
14876896037,06900499238,MOR,True,2021-05-17
14876896037,01810599134,FELLES,True,2005-10-08
14876896037,06860499078,FELLES,True,2004-06-06
14898699189,23831799366,FELLES,True,2017-03-23
14898699189,14891299894,FELLES,True,2012-09-14
14899598645,29911799349,FELLES,True,2017-11-29
14899598645,19901698573,FELLES,True,2016-10-19
15859197180,27871799291,FELLES,True,2017-07-27
15877398797,14851099701,FELLES,True,2010-05-14
15888996386,24842097890,FELLES,True,2020-04-24
15888996386,07891898880,FELLES,True,2018-09-07
15898899664,01831899871,FELLES,True,2018-03-01
15917294329,08910797329,FELLES,True,2007-11-08
15928298792,04860798501,FAR,False,2021-01-26
15928298792,04860798501,FELLES,True,2007-06-04
16829198448,21882098556,FELLES,True,2020-08-21
16878899532,25842099911,FELLES,True,2020-04-25
16878899532,25842099911,FAR,False,2020-04-25
16878899532,02811399755,FELLES,True,2013-01-02
16878999715,19832099654,FELLES,True,2020-03-19
16891498334,20857897731,FELLES,True,2014-09-16
16891498334,04927898840,FELLES,True,2014-09-16
16897698173,25910499583,FELLES,True,2004-11-25
16928799267,24861799103,FELLES,True,2017-06-24
17811499560,12908498656,FELLES,True,2014-01-17
17811499560,06908598995,FELLES,True,2014-01-17
17817498736,23870699549,FELLES,True,2006-07-23
17837696747,08880697995,FELLES,True,2006-08-08
17877198219,14870899468,FELLES,True,2008-07-14
17878499255,29820898832,MOR,True,2021-06-09
17878499255,29820898832,FELLES,False,2008-02-29
17888897631,25811898905,FELLES,True,2018-01-25
17888897631,07831598616,FELLES,False,2015-03-07
17896696920,01860498975,FELLES,True,2004-06-01
18812099554,05828599358,FELLES,True,2020-01-18
18812099554,20818499222,FELLES,True,2020-01-18
18837798899,22881498379,FELLES,True,2014-08-22
18837798899,29921199323,FELLES,True,2011-12-29
18837798899,05820999063,FELLES,True,2009-02-05
18850798377,09857196144,FELLES,True,2007-05-18
18850798377,01887497644,FELLES,True,2007-05-18
18857195201,04920797968,FELLES,True,2007-12-04
18897698818,23860598078,MOR,False,2021-01-26
18897698818,25901598587,FELLES,True,2015-10-25
18897698818,23860598078,FELLES,True,2005-06-23
18898398974,17841999797,FELLES,True,2019-04-17
18898398974,21881899601,FELLES,True,2018-08-21
18898398974,15891398546,FELLES,True,2013-09-15
18898398974,17851098844,FELLES,True,2010-05-17
18908898806,03912193615,FELLES,True,2021-11-05
19817896505,02860697648,FELLES,True,2006-06-02
19828899832,30871699530,FELLES,True,2016-07-30
19828899832,25821399532,FELLES,True,2013-02-25
19847495718,19920798899,FAR,False,2021-01-26
19847495718,19920798899,FELLES,True,2007-12-19
19847495718,28850598810,FELLES,True,2005-05-28
19858099350,17891299982,FELLES,True,2012-09-17
19858099350,27910899959,FELLES,True,2008-11-27
19867999461,16891099316,FELLES,True,2010-09-16
19867999461,16870699747,FELLES,True,2006-07-16
19867999461,23870599951,FELLES,True,2005-07-23
19881698474,04828497206,MOR,True,2021-05-04
19881698474,14818299770,FELLES,False,2016-08-19
19898299867,29921899945,FELLES,True,2018-12-29
19898299867,25811199853,FELLES,True,2011-01-25
19898299867,11880999976,FELLES,True,2009-08-11
19900799007,14818299770,FELLES,True,2007-10-19
19900799007,04828497206,FELLES,True,2007-10-19
19928498851,24902197628,FELLES,True,2021-10-24
20818399120,12850699125,FELLES,True,2006-05-12
20818499222,18812099554,FELLES,True,2020-01-18
20857897731,16891498334,FELLES,True,2014-09-16
20857897731,14821299773,FELLES,True,2012-02-14
20857897731,09851199575,FELLES,True,2011-05-09
20857897731,12911099126,FELLES,True,2010-11-12
20869098796,05861498354,FELLES,True,2014-06-05
20869399451,25872099215,FELLES,True,2020-07-25
20869399451,09821999380,FELLES,True,2019-02-09
20898497918,02861998684,FELLES,True,2019-06-02
20898497918,06881198663,FELLES,True,2011-08-06
20898497918,06881198663,FELLES,False,2011-08-06
20898497918,21860797248,FELLES,True,2007-06-21
20921398388,05858598615,FELLES,True,2013-12-20
20921398388,04818399397,FELLES,True,2013-12-20
21838099510,05891399873,FELLES,True,2013-09-05
21838099510,13920799749,FELLES,True,2007-12-13
21838798834,12882099308,FELLES,True,2020-08-12
21838798834,08921999713,FELLES,True,2019-12-08
21857597122,07840798458,FELLES,True,2007-04-07
21887998121,14911298423,FELLES,True,2012-11-14
21929399983,14892099538,FELLES,True,2020-09-14
21929399983,08862099533,FELLES,True,2020-06-08
21929399983,18871899432,FELLES,True,2018-07-18
22818897859,17871599521,FELLES,True,2015-07-17
22818996229,14821697736,FELLES,True,2016-02-14
22828599120,01921398294,FELLES,True,2013-12-01
22831698199,06819496933,FELLES,True,2016-03-22
22831698199,05819497283,FELLES,True,2016-03-22
22857999227,02821399230,FELLES,True,2013-02-02
22878699282,15871499028,FELLES,True,2014-07-15
22878699282,06871499096,FELLES,True,2014-07-06
22881498379,18837798899,FELLES,True,2014-08-22
22881498379,03907797774,FELLES,True,2014-08-22
22906995003,09880497488,FELLES,True,2004-08-09
22908398797,01811199512,FELLES,True,2011-11-08
22908997747,22871898514,FELLES,True,2018-07-22
22908997747,23871799164,FELLES,True,2017-07-23
22908997747,09811198398,FELLES,True,2011-01-09
22910998777,08848498883,FELLES,True,2009-11-22
22910998777,07868498905,FELLES,True,2009-11-22
22928497732,09821398743,FELLES,True,2013-02-09
22928497732,05900798891,FELLES,True,2007-10-05
22928497732,15850699132,FELLES,True,2006-05-15
23827298719,25920799526,FELLES,True,2007-12-25
23827298719,29820499814,FELLES,True,2004-02-29
23837798027,22921598479,MOR,True,2021-05-30
23860598078,18897698818,MOR,False,2021-01-26
23860598078,18897698818,FELLES,True,2005-06-23
23860598078,09857797105,FELLES,True,2005-06-23
23870699549,03857599240,FELLES,True,2006-07-23
23870699549,17817498736,FELLES,True,2006-07-23
23878298969,28912099492,FELLES,True,2020-11-28
23878298969,26850998573,FELLES,True,2009-05-26
23879497388,25841897687,FAR,True,2021-05-08
23879497388,25841897687,FELLES,False,2018-04-25
23911998491,25888298412,FELLES,True,2019-11-23
23911998491,05898199314,FELLES,True,2019-11-23
23928498050,27851298342,FELLES,True,2012-05-27
23928498050,24850898746,FELLES,True,2008-05-24
24838399076,23911398648,FELLES,True,2013-11-23
24838399076,24811099712,FELLES,True,2010-01-24
24840898403,25888298412,FELLES,True,2008-04-24
24840898403,05898199314,FELLES,True,2008-04-24
24857699404,13821499342,FELLES,True,2014-02-13
24868198644,02911298484,MOR,True,2021-04-21
24868198644,31882099310,FELLES,True,2020-08-31
24868198644,16921598363,FELLES,True,2015-12-16
24868198644,19820998459,FELLES,True,2009-02-19
24888798206,20881698847,FELLES,True,2016-08-20
24888899282,06901998629,FELLES,True,2019-10-06
24888899282,14901198099,FELLES,True,2011-10-14
24898799332,12842099690,FELLES,True,2020-04-12
24902197628,11918297962,FELLES,True,2021-10-24
24902197628,19928498851,FELLES,True,2021-10-24
24908499308,30861499185,FELLES,True,2014-06-30
24928896990,20881698847,FELLES,True,2016-08-20
25816797031,05840599231,FELLES,True,2005-04-05
25838599209,12891799568,FELLES,True,2017-09-12
25838599209,12891799568,MOR,False,2017-09-12
25838599209,28850899586,FELLES,True,2008-05-28
25838599209,07841599904,FELLES,True,1988-11-19
25847498709,10921099733,FELLES,True,2010-12-10
25847498709,08911099846,FELLES,True,2010-11-08
25848097112,12830798887,FELLES,True,2007-03-12
25848097112,12830798887,FELLES,False,2007-03-12
25848097112,12880398944,FELLES,False,2003-08-12
25869597549,12881997175,FELLES,True,2019-08-12
25887699685,11811499465,FELLES,True,2014-01-11
25888298412,23911998491,FELLES,True,2019-11-23
25888298412,08911898919,FELLES,True,2018-11-08
25888298412,24840898403,FELLES,True,2008-04-24
25898199285,01881298275,FELLES,True,2012-08-01
25901598587,18897698818,FELLES,True,2015-10-25
25901598587,09857797105,FELLES,True,2015-10-25
25920799526,23827298719,FELLES,True,2007-12-25
25920799526,09917298669,FELLES,True,2007-12-25
26828798315,11881499233,FELLES,True,2014-08-11
26838399397,16821599109,FELLES,True,2015-02-16
26838399397,29831499409,FELLES,True,2014-03-29
26838399397,12871199300,FELLES,True,2011-07-12
26848498695,12831998847,FELLES,True,2019-03-12
26850999014,07897197949,FELLES,True,2009-05-26
26850999014,04907497831,FELLES,True,2009-05-26
26868199597,03851499341,FELLES,True,2014-05-03
26897798831,14911098572,FELLES,True,2010-11-14
26897798831,14911098572,MOR,False,2010-11-14
26897798831,09870598030,FELLES,True,2005-07-09
26897798831,26880399089,FELLES,False,2003-08-26
26908097997,29891299689,FELLES,True,2012-09-29
26926997393,19880498919,FELLES,True,2004-08-19
27819495969,27921898679,FELLES,True,2018-12-27
27819495969,01901698933,FELLES,True,2016-10-01
27829498672,19831999694,FELLES,True,2019-03-19
27839498824,10811699549,FELLES,True,2016-01-10
27867599490,25850798926,MOR,False,2021-01-26
27867599490,25850798926,FELLES,True,2007-05-25
27888999553,04892099990,FELLES,True,2020-09-04
27897696687,01881196677,FELLES,True,2011-08-01
27897696687,30861198762,FELLES,True,2011-06-30
27897696687,12880597688,FELLES,True,2005-08-12
27901599268,03898898236,MOR,True,2021-04-13
27901599268,02889099324,FELLES,False,2015-10-27
28860599432,12856897115,FELLES,True,2005-06-28
28860599432,11816799459,FELLES,True,2005-06-28
28877295607,13820898928,FELLES,True,2008-02-13
28907396187,14860598893,FELLES,True,2005-06-14
28907396187,04820596841,FELLES,True,2005-02-04
28908496630,19812098104,FELLES,True,2020-01-19
28908496630,06891999303,FELLES,True,2019-09-06
28916797178,12900599445,FELLES,False,2005-10-12
28916797178,06870499572,FELLES,True,2004-07-06
29820499814,23827298719,FELLES,True,2004-02-29
29820499814,09917298669,FELLES,True,2004-02-29
29820898832,17878499255,MOR,True,2021-06-09
29820898832,09898298164,FELLES,False,2008-02-29
29820898832,17878499255,FELLES,False,2008-02-29
29847196872,10921096939,FELLES,True,2010-12-10
29847196872,30890398908,FELLES,False,2003-09-30
29857899421,13911299792,FELLES,True,1992-08-20
29859298921,07921899178,FELLES,True,2018-12-07
29888699498,19901299636,FELLES,True,2012-10-19
29888898474,16831899313,FELLES,True,2018-03-16
29891299689,10917797051,FELLES,True,2012-09-29
29891299689,26908097997,FELLES,True,2012-09-29
29901098024,05847696798,FELLES,True,2010-10-29
29901098024,03868098057,FELLES,True,2010-10-29
29921199323,18837798899,FELLES,True,2011-12-29
29921199323,03907797774,FELLES,True,2011-12-29
30818599486,22821599052,FELLES,True,2015-02-22
30846797501,07870599794,FELLES,True,2005-07-07
30846797501,11850499901,FELLES,True,2004-05-11
30861299224,05858598615,FELLES,True,1965-10-07
30861299224,04818399397,FELLES,True,1965-10-07
30890398908,29847196872,FELLES,False,2003-09-30
30890398908,13867296969,FELLES,False,2003-09-30
30907798069,03850899982,FELLES,True,2008-05-03
30907798069,30850699956,FELLES,True,2006-05-30
30908297470,18921797903,FELLES,True,2017-12-18
30908297470,18861398311,FELLES,True,2013-06-18
30908297470,11821298115,FELLES,True,2012-02-11
30910899461,05858598615,FELLES,True,2008-11-30
30910899461,04818399397,FELLES,True,2008-11-30
30918599939,09831999885,FELLES,True,2019-03-09
30918599939,09831999885,FAR,False,2019-03-09
30918599939,10901699920,FELLES,True,2016-10-10
30918599939,03810899912,FELLES,True,2008-01-03
30918998876,12901899698,FELLES,True,2018-10-12
30918998876,08821399093,FELLES,True,2013-02-08
30927897780,23851498095,FELLES,True,2014-05-23
30927897780,16890998562,FELLES,True,2009-09-16
31858499979,11841499869,FELLES,True,2014-04-11
31858499979,24900899870,FELLES,True,2008-10-24
31858499979,27850899970,FELLES,True,2008-05-27
31889098352,25811898905,FELLES,True,2018-01-25
31889098352,07831598616,FELLES,False,2015-03-07
31908799162,30812099694,FELLES,True,2020-01-30
31908799162,22851299665,FELLES,True,2012-05-22
01820699145,18827898062,MOR,True,2021-06-20
01820699145,20857797559,FELLES,False,2006-02-01
01838699231,24831999175,FELLES,True,2019-03-24
01838699231,18811899492,FELLES,True,2018-01-18
01838699231,16861799372,FELLES,True,2017-06-16
01858297660,13921697583,FELLES,True,2016-12-13
01860899309,17898199444,FELLES,True,2008-06-01
01860899309,28818599317,FELLES,True,2008-06-01
01868698841,11811498752,FELLES,False,2014-01-11
01878097528,07851498685,FELLES,True,2014-05-07
01878097528,26850996562,FELLES,True,2009-05-26
01888699534,11842099228,FELLES,True,2020-04-11
01888699534,26851798640,FELLES,True,2017-05-26
01888699534,18821499751,FELLES,True,2014-02-18
01888699534,15851299278,FELLES,True,2012-05-15
01896996726,29820499067,FELLES,True,2004-02-29
01897296213,18811097787,FELLES,True,2010-01-18
01897296213,06890899364,FELLES,True,2008-09-06
01897296213,11810496209,FELLES,True,2004-01-11
01907195941,03910498508,FELLES,True,2004-11-03
02816997286,20910498976,FELLES,True,2004-11-20
02817198212,04831098967,FELLES,True,2010-03-04
02817198212,07810598284,FELLES,True,2005-01-07
02830498691,21827396246,FELLES,True,2004-03-02
02830498691,07897397980,FELLES,True,2004-03-02
02831197873,02907995332,FELLES,True,2011-03-02
02831197873,24887696418,FELLES,True,2011-03-02
02858899535,02851699263,FELLES,True,2016-05-02
02858899535,25821599817,FELLES,True,2015-02-25
02867597886,16911097757,FELLES,True,2010-11-16
02867597886,14890698612,FELLES,True,2006-09-14
02868899525,17881399822,FELLES,True,2013-08-17
02868899525,21871399899,FELLES,True,2013-07-21
02869596615,15921998993,FELLES,True,2019-12-15
02900498740,20876997895,FELLES,True,2004-10-02
02900498740,07916796727,FELLES,True,2004-10-02
02900899931,28887698122,FELLES,False,2021-01-26
02900899931,31817699084,FELLES,True,2008-10-02
02900899931,28887698122,FELLES,True,2008-10-02
02907995332,16871397892,FELLES,True,2013-07-16
02907995332,02831197873,FELLES,True,2011-03-02
02907995332,26851097820,FELLES,True,2010-05-26
02917899676,10902187214,FELLES,True,2021-10-11
03838297144,08851398946,FELLES,True,2013-05-08
03839598695,12901899507,FELLES,True,2018-10-12
03848799563,22821499627,FELLES,True,2014-02-22
03848799563,05901199789,FELLES,True,2011-10-05
03860399988,29886797794,FELLES,False,2003-06-03
03860399988,25906997617,FELLES,False,2003-06-03
03907498424,12811099935,FELLES,True,2010-01-12
03909397676,11901698661,FELLES,True,2016-10-11
03929099442,18811799714,FELLES,True,2017-01-18
04828698546,22851799145,FELLES,True,2017-05-22
04828698546,18891199739,FELLES,True,2011-09-18
04831098967,24847598790,FELLES,True,2010-03-04
04831098967,02817198212,FELLES,True,2010-03-04
04858099485,21861198488,MOR,True,2021-09-23
04858099485,21861198488,FELLES,False,2011-06-21
04858099485,13830899116,FELLES,True,2008-03-13
04859399970,22901699112,FELLES,True,2016-10-22
04888798779,09831899945,FELLES,True,2018-03-09
04888798779,28831699592,FELLES,True,2016-03-28
04889298389,30812098124,FELLES,True,1989-03-27
04898199466,16851899727,FELLES,True,2018-05-16
04898199466,13911499724,FELLES,True,2014-11-13
04898199466,14880899962,FELLES,True,2008-08-14
04906799281,12920398780,MOR,True,2021-05-02
04927198490,07840999798,FELLES,True,2009-04-07
05837097667,21890598584,FELLES,True,2005-09-21
05837599662,23901099650,FELLES,True,2010-10-23
05837599662,17920499813,FELLES,True,2004-12-17
05838998013,16811799312,FELLES,True,2017-01-16
05838998013,01851598096,FELLES,True,2015-05-01
05860699828,30877999986,FELLES,True,2006-06-05
05860699828,24887899688,FELLES,True,2006-06-05
05871099083,15818098712,FELLES,True,2010-07-05
05871099083,26928098841,FELLES,True,2010-07-05
05878298804,23871999600,FELLES,True,2019-07-23
05878298804,30850999585,FELLES,True,2009-05-30
05879399566,12902188329,FELLES,True,2021-10-15
05891699311,20848898806,FELLES,True,2016-09-05
05891699311,22828698358,FELLES,True,2016-09-05
05901499650,31817699084,FELLES,True,2014-10-05
05901499650,28887698122,FELLES,True,2014-10-05
05921399458,20818699345,FELLES,True,2013-12-05
05921399458,28858899097,FELLES,True,2013-12-05
05928398309,20810699591,FELLES,True,2006-01-20
05928798897,23921698771,FELLES,True,2016-12-23
05928798897,28911596816,FELLES,True,2015-11-28
05928798897,12911597614,FELLES,True,2015-11-12
05928798897,25871598307,FELLES,True,2015-07-25
06839099744,27871599845,FELLES,True,1994-06-22
06867599167,09870999302,FELLES,True,2009-07-09
06891999494,16918598875,FELLES,True,2019-09-06
06891999494,16858398502,FELLES,True,2019-09-06
06917095734,29840597804,FELLES,True,2005-04-29
06918299201,04870699455,FELLES,True,2006-07-04
06927998759,10881199837,FELLES,True,2011-08-10
06928299382,14840998291,FELLES,True,1976-07-03
07810598284,24847598790,FELLES,True,2005-01-07
07810598284,02817198212,FELLES,True,2005-01-07
07819298518,05892097919,FELLES,False,2020-09-05
07831098702,15847699059,FELLES,True,2010-03-07
07831098702,11847898765,FELLES,True,2010-03-07
07851498685,01878097528,FELLES,True,2014-05-07
07851498685,28857997230,FELLES,True,2014-05-07
07870599522,08847497980,FELLES,True,2005-07-07
07870599522,18927398016,FELLES,True,2005-07-07
07897397980,02830498691,FELLES,True,2004-03-02
07897497225,25900998603,FELLES,True,2009-10-25
07897497225,14870798068,FELLES,True,2007-07-14
07898397828,14901698326,FELLES,True,2016-10-14
07898397828,12891298860,FELLES,True,2012-09-12
07898397828,03861298697,FELLES,True,2012-06-03
07898397828,24920898048,FELLES,True,2008-12-24
07912197098,16927498816,MOR,True,2021-11-07
07916796727,02900498740,FELLES,True,2004-10-02
07916796727,09850499419,FELLES,True,2004-05-09
07918797062,29881698879,FELLES,True,2016-08-29
07928799659,08851799975,FELLES,True,2017-05-08
07928799659,20851699822,FELLES,True,2016-05-20
08820997655,31837996565,FELLES,True,1996-11-09
08820997655,27928099674,FELLES,True,1996-11-09
08826997886,29850399016,FELLES,False,2003-05-29
08847497980,07870599522,FELLES,True,2005-07-07
08880898982,22848499009,FELLES,True,2008-08-08
08880898982,18908198375,FELLES,True,2008-08-08
08886797703,23880399586,FELLES,False,2003-08-23
08899398840,10831799892,FELLES,True,2017-03-10
08918599909,09901799811,FELLES,True,2017-10-09
08918599909,31921399858,FELLES,True,2013-12-31
09827999935,29910999867,FELLES,True,2009-11-29
09827999935,19880699906,FELLES,True,2006-08-19
09827999935,05890599968,FELLES,True,2005-09-05
09830799653,15818098712,FELLES,True,2007-03-09
09830799653,26928098841,FELLES,True,2007-03-09
09850499419,20876997895,FELLES,True,2004-05-09
09850499419,07916796727,FELLES,True,2004-05-09
09897097734,21920599033,FELLES,True,2005-12-21
09900399658,17857098722,FELLES,False,2003-10-09
09900399658,17926897411,FELLES,False,2003-10-09
09918898945,23862099419,FELLES,True,2020-06-23
09918898945,07881499015,FELLES,True,2014-08-07
10821698664,19909298868,FELLES,True,2016-02-10
10821698664,21819196351,FELLES,True,2016-02-10
10828499160,26831599412,FELLES,True,2015-03-26
10828499160,22891399131,FELLES,True,2013-09-22
10828499160,03870998928,FELLES,True,2009-07-03
10829299823,19882099523,FELLES,True,2020-08-19
10839099962,12912099820,FELLES,True,2020-11-12
10839099962,28871699633,FELLES,True,2016-07-28
10869497814,03881799455,FELLES,True,2017-08-03
10877098325,30830598304,FELLES,True,2005-03-30
10877197129,10891098346,FELLES,True,2010-09-10
10877197129,27881099174,FELLES,True,2010-08-27
10888598338,01810998829,FELLES,False,2021-01-26
10888598338,19821999270,FELLES,True,2019-02-19
10888598338,25901398707,FELLES,True,2013-10-25
10888598338,01810998829,FELLES,True,2009-10-08
10898797223,25812099275,FELLES,True,2020-01-25
10902187214,24917899505,FELLES,True,2021-10-11
10902187214,02917899676,FELLES,True,2021-10-11
10910498229,19927195723,FELLES,True,2004-11-10
10910498229,22867296658,FELLES,True,2004-11-10
10927197893,09910698998,FELLES,True,2006-11-09
11840597689,15856895898,MOR,True,2021-04-13
11840597689,12837096756,FELLES,False,2005-04-11
11840597689,15856895898,FELLES,False,2005-04-11
11841699205,20818499575,FELLES,True,2016-04-11
11841699205,28838499629,FELLES,True,2016-04-11
11847898765,07831098702,FELLES,True,2010-03-07
11890798898,16927398048,FELLES,True,2007-09-11
11890798898,23847197137,FELLES,True,2007-09-11
11898999396,26902099939,FELLES,True,2020-10-26
11898999396,26902099939,FELLES,False,2020-10-26
11898999396,24851899215,FELLES,True,2018-05-24
11901698661,03909397676,FELLES,True,2016-10-11
11901698661,22859298110,FELLES,True,2016-10-11
11928299610,29851499499,FELLES,True,2014-05-29
11928799958,25821799859,FELLES,True,2017-02-25
11928799958,25821799859,FELLES,False,2017-02-25
12811598702,25927897442,FELLES,True,2015-01-12
12811598702,20927996503,FELLES,True,2015-01-12
12837096756,11840597689,FELLES,False,2005-04-11
12838796034,07901596683,FELLES,False,2021-01-26
12838796034,11901598055,FELLES,True,2015-10-11
12838796034,07901596683,FELLES,True,2015-10-07
12848599644,17861499863,MOR,True,2021-04-22
12848599644,24850799780,FELLES,True,2007-05-24
12848599644,22920699336,FELLES,True,2006-12-22
12850399849,22926798794,FELLES,False,2003-05-12
12850399849,17856899020,FELLES,False,2003-05-12
12867197964,30900599923,FELLES,True,2005-10-30
12877496609,03850497736,FELLES,True,2004-05-03
12880797539,30877198398,FELLES,True,2007-08-12
12880797539,21847296205,FELLES,True,2007-08-12
12888798852,25911398373,FELLES,True,2013-11-25
12911597614,18908696197,FELLES,True,2015-11-12
12911597614,05928798897,FELLES,True,2015-11-12
12927297610,08900799269,FELLES,True,2007-10-08
12927297610,08850798487,FELLES,True,2007-05-08
13818797049,14891699515,FELLES,True,2016-09-14
13818797049,03871299128,FELLES,True,2012-07-03
13828298180,22881097773,FELLES,True,2010-08-22
13840897952,21867897337,FELLES,True,2008-04-13
13840897952,15867898600,FELLES,True,2008-04-13
13847899608,25890499999,FELLES,True,2004-09-25
13848698800,09881298772,FELLES,True,2012-08-09
13867496739,11810799066,FELLES,True,2007-01-11
13879398260,30811898305,FELLES,True,2018-01-30
13888698447,30831198873,FELLES,True,2011-03-30
13918198541,05870699656,FELLES,True,2006-07-05
14828496817,12812098827,FELLES,True,2020-01-12
14828496817,25831597553,FELLES,True,2015-03-25
14828496817,29920897744,FELLES,True,2008-12-29
14847897555,26891399188,FELLES,True,2013-09-26
14847897555,31870797985,FELLES,True,2007-07-31
14847897555,22900499233,FELLES,True,2004-10-22
14847897555,15850398981,FELLES,False,2003-05-15
14851099701,15877398797,FELLES,True,2010-05-14
14851099701,19907396498,FELLES,True,2010-05-14
14858197970,02910897759,FELLES,True,2008-11-02
14877697836,27860698620,FELLES,True,2006-06-27
14890698612,02867597886,FELLES,True,2006-09-14
14890698612,17837296935,FELLES,True,2006-09-14
14928699944,03821999528,FELLES,True,2019-02-03
14928699944,03821199742,FELLES,True,2011-02-03
15818098712,05871099083,FELLES,True,2010-07-05
15818098712,09830799653,FELLES,True,2007-03-09
15850398981,14847897555,FELLES,False,2003-05-15
15850398981,26877698679,FELLES,False,2003-05-15
15858197829,22911499170,MOR,True,2021-09-22
15858197829,29920898880,FELLES,True,2008-12-29
15877897564,29841398856,FELLES,True,2013-04-29
15877897564,28920997998,FELLES,True,2009-12-28
15889199404,03871699525,FELLES,True,2016-07-03
15890899487,20818499575,FELLES,True,2008-09-15
15890899487,28838499629,FELLES,True,2008-09-15
15910898601,27877598425,FELLES,True,2008-11-15
15910898601,18857196933,FELLES,True,2008-11-15
15918199818,05901299961,FELLES,True,2012-10-05
15918999865,12911599978,FELLES,True,2015-11-12
15928998476,27841398888,FELLES,True,2013-04-27
16858398502,06891999494,FELLES,True,2019-09-06
16858398502,16921498938,FELLES,True,2014-12-16
16858398502,30870699340,FELLES,True,2006-07-30
16860398315,26917296692,FELLES,False,2003-06-16
16860398315,20817197907,FELLES,False,2003-06-16
16871397892,02907995332,FELLES,True,2013-07-16
16871397892,24887696418,FELLES,True,2013-07-16
16907998316,10861199857,FELLES,True,2011-06-10
16907998316,08820999666,FELLES,True,2009-02-08
16907998316,08820999666,FAR,False,2009-02-08
16907998316,27840699787,FELLES,True,2006-04-27
16907998316,18830599815,FELLES,True,2005-03-18
16911097757,02867597886,FELLES,True,2010-11-16
16911097757,17837296935,FELLES,True,2010-11-16
16918499133,11831599970,FELLES,False,1997-08-08
16921498938,16918598875,FELLES,True,2014-12-16
16921498938,16858398502,FELLES,True,2014-12-16
17819597081,09911698916,FELLES,True,2016-11-09
17841498232,18827898062,FELLES,True,2014-04-17
17841498232,20857797559,FELLES,True,2014-04-17
17847696141,21911598288,FELLES,True,2015-11-21
17847696141,22841299160,FELLES,True,2012-04-22
17860397722,21867897337,FELLES,False,2003-06-17
17860397722,15867898600,FELLES,False,2003-06-17
17866797412,28920599259,FELLES,True,2005-12-28
17869099058,20831999633,FELLES,True,2019-03-20
17890899102,28817197657,FELLES,True,2008-09-17
17890899102,27897198512,FELLES,True,2008-09-17
17918699457,12911299834,FELLES,True,2012-11-12
17921398794,20818699345,FELLES,True,1988-02-09
17921398794,28858899097,FELLES,True,1988-02-09
17926897411,09900399658,FELLES,False,2003-10-09
18827898062,01820699145,MOR,True,2021-06-20
18827898062,22901498559,FELLES,True,2014-10-22
18827898062,17841498232,FELLES,True,2014-04-17
18827898062,20910998456,FELLES,True,2009-11-20
18859499828,23881799901,FELLES,True,2017-08-23
18861299941,30877999986,FELLES,True,2012-06-18
18861299941,24887899688,FELLES,True,2012-06-18
18868699155,16851499087,FELLES,True,2014-05-16
18869497998,27881998691,FELLES,True,2019-08-27
18869497998,14881798590,FELLES,True,2017-08-14
18871599560,17898199444,MOR,True,2021-05-07
18871599560,17898199444,FELLES,False,2015-07-18
18871599560,28818599317,FELLES,False,2015-07-18
18879499212,01851799407,FELLES,True,2017-05-01
18889199845,03902099718,FELLES,True,2020-10-03
18889199845,03902099718,MOR,False,2020-10-03
18890797462,31887194648,FELLES,True,2007-09-18
18890797462,28827397174,FELLES,True,2007-09-18
18891199739,15858899432,FELLES,True,2011-09-18
18891199739,04828698546,FELLES,True,2011-09-18
18908198375,08880898982,FELLES,True,2008-08-08
18917899823,16891499985,FELLES,True,2014-09-16
18917899823,03881499826,FELLES,True,2014-08-03
18917899823,04821499815,FELLES,True,2014-02-04
18917899823,31870899664,FELLES,True,2008-07-31
18929397289,03871998794,FELLES,True,2019-07-03
19829599484,02851998775,FELLES,True,2019-05-02
19868298912,01860899147,FAR,True,2021-11-02
19868298912,15871199741,FELLES,True,2011-07-15
19868298912,01860899147,FELLES,False,2008-06-01
19878299100,23820899873,FELLES,True,2008-02-23
19889498881,03882099376,FELLES,True,2020-08-03
19890699572,21847698109,FELLES,True,2006-09-19
19890699572,30877797852,FELLES,True,2006-09-19
19891599237,20848898806,FELLES,True,2015-09-19
19891599237,22828698358,FELLES,True,2015-09-19
19899097680,09911899237,FELLES,True,2018-11-09
19909099881,13921799858,FELLES,True,2017-12-13
19909099881,12851399877,FELLES,True,2013-05-12
19909298868,10821698664,FELLES,True,2016-02-10
19916794927,26860599030,FELLES,True,2005-06-26
19918498861,28851099990,FELLES,True,2010-05-28
19918498861,23832099791,FELLES,True,2009-03-06
19927195723,30840897997,FELLES,True,2008-04-30
19927195723,10910498229,FELLES,True,2004-11-10
19927799246,11901599949,FELLES,True,2015-10-11
19927799246,08861199798,FELLES,True,2011-06-08
19928398407,13901897888,FELLES,True,2018-10-13
19928398407,04881898298,FELLES,True,2018-08-04
19928398407,10811597940,FELLES,True,2015-01-10
19928398407,03861399159,FELLES,True,2013-06-03
20817197907,16860398315,FELLES,False,2003-06-16
20818499575,11841699205,FELLES,True,2016-04-11
20818499575,26920999254,FELLES,True,2009-12-26
20818499575,15890899487,FELLES,True,2008-09-15
20818699345,05921399458,FELLES,True,2013-12-05
20818699345,17921398794,FELLES,True,1988-02-09
20826996375,29850399016,FELLES,False,2003-05-29
20831698706,21859197377,FELLES,True,2016-03-20
20831698706,17919297662,FELLES,True,2016-03-20
20831698706,21859197377,FELLES,False,2016-03-20
20848898806,05891699311,FELLES,True,2016-09-05
20848898806,19891599237,FELLES,True,2015-09-19
20849199863,18851899967,FELLES,True,2018-05-18
20860799139,25877898167,FELLES,True,2007-06-20
20860799139,20927898684,FELLES,True,2007-06-20
20870798688,31837996565,FELLES,True,2007-07-20
20870798688,27928099674,FELLES,True,2007-07-20
20870798688,31837996565,FELLES,False,2007-07-20
20879596093,18891797733,FELLES,True,1978-06-25
20886699086,24830599688,FELLES,True,2005-03-24
20889197731,17851899251,FELLES,True,2018-05-17
20889599716,21871699922,FELLES,True,1982-08-13
20889599716,31881899844,FELLES,True,1969-03-26
20910498976,31906798150,FELLES,True,2004-11-20
20910498976,02816997286,FELLES,True,2004-11-20
20910998456,18827898062,FELLES,True,2009-11-20
20910998456,20857797559,FELLES,True,2009-11-20
20927898684,24900897436,FELLES,True,2008-10-24
20927898684,20860799139,FELLES,True,2007-06-20
20927996503,12811598702,FELLES,True,2015-01-12
20927996503,23920398367,FELLES,True,2003-12-23
21810798677,21867897337,FELLES,True,2007-01-21
21810798677,15867898600,FELLES,True,2007-01-21
21817097763,22850498532,FELLES,True,2004-05-22
21818296344,10912191163,FELLES,True,2021-11-15
21848899639,15842099940,FELLES,True,2020-04-15
21848899639,21911499999,FELLES,True,2014-11-21
21850499478,29886797794,FELLES,True,2004-05-21
21850499478,25906997617,FELLES,True,2004-05-21
21850798556,24917498071,FELLES,True,2007-05-21
21850798556,14917195324,FELLES,True,2007-05-21
21858897103,27911299386,FELLES,True,2012-11-27
21859197377,20831698706,FELLES,True,2016-03-20
21859197377,20831698706,FELLES,False,2016-03-20
21867499889,29820899898,FELLES,True,2008-02-29
21867897337,29911299001,FELLES,True,2012-11-29
21867897337,29920898104,FELLES,True,2008-12-29
21867897337,13840897952,FELLES,True,2008-04-13
21867897337,21810798677,FELLES,True,2007-01-21
21867897337,17860397722,FELLES,False,2003-06-17
21868898744,29871599651,FELLES,True,2015-07-29
21907999871,01911199056,FELLES,True,2011-11-01
21907999871,29810499905,FELLES,True,2004-01-29
21907999871,22850699600,FELLES,True,1969-04-08
21929099920,07841199930,FELLES,True,2011-04-07
22827997084,11851098900,FELLES,True,2010-05-11
22830499346,31876999644,FELLES,True,2004-03-22
22830499346,29926797954,FELLES,True,2004-03-22
22850498532,17856696456,FELLES,True,2004-05-22
22850498532,21817097763,FELLES,True,2004-05-22
22851799145,15858899432,FELLES,True,2017-05-22
22851799145,04828698546,FELLES,True,2017-05-22
22857699002,28880899556,FELLES,True,2008-08-28
22857699002,06860699514,FELLES,True,2006-06-06
22857699002,17920499066,FELLES,True,2004-12-17
22870397899,30877198398,FELLES,False,2003-07-22
22870397899,21847296205,FELLES,False,2003-07-22
22877698703,22921399654,FELLES,True,2013-12-22
22877698703,22861099109,FELLES,True,2010-06-22
22877698703,29830799271,FELLES,True,2007-03-29
22881097773,28898398864,FELLES,True,2010-08-22
22881097773,13828298180,FELLES,True,2010-08-22
22898598377,11821799750,FELLES,True,2017-02-11
22898598377,18891299326,FELLES,True,2012-09-18
22900499233,14847897555,FELLES,True,2004-10-22
22900499233,26877698679,FELLES,True,2004-10-22
22901498559,18827898062,FELLES,True,2014-10-22
22901498559,20857797559,FELLES,True,2014-10-22
22917997709,24850898150,FELLES,True,2008-05-24
22917997709,29890698245,FELLES,True,2006-09-29
22918299630,19840999818,FELLES,True,2009-04-19
22926798794,12850399849,FELLES,False,2003-05-12
23817395864,08860999545,FELLES,True,2009-06-08
23817395864,11850499316,FELLES,True,2004-05-11
23817395864,28840499512,FELLES,True,2004-04-28
23847197137,30910999563,FELLES,True,2009-11-30
23847197137,30910999563,FELLES,False,2009-11-30
23847197137,11890798898,FELLES,True,2007-09-11
23867499695,24830698996,FELLES,True,2006-03-24
23880399586,24867098271,FELLES,False,2003-08-23
23880399586,08886797703,FELLES,False,2003-08-23
23887899649,17920699502,FELLES,True,2006-12-17
23889497610,08861798586,FELLES,True,2017-06-08
23889497610,03851799566,FELLES,True,2017-05-03
23899398483,25841999366,FELLES,True,2019-04-25
23899599209,10841699519,FELLES,True,2016-04-10
23917899495,04891599604,FELLES,True,2015-09-04
23917899495,28851599470,FELLES,True,2015-05-28
23920398367,25927897442,FELLES,True,2003-12-23
23920398367,20927996503,FELLES,True,2003-12-23
23921698771,18908696197,FELLES,True,2016-12-23
23921698771,05928798897,FELLES,True,2016-12-23
23928299074,06851999858,FELLES,True,2019-05-06
23928299074,27851699886,FELLES,True,2016-05-27
23928299074,29921099736,FELLES,True,2010-12-29
23928299074,07830899868,FELLES,True,2008-03-07
24828699039,27881999566,FELLES,True,2019-08-27
24828699039,28831199840,FELLES,True,2011-03-28
24828699039,25811599746,FELLES,True,1964-06-17
24830599688,20886699086,FELLES,True,2005-03-24
24830599688,24866999186,FELLES,True,2005-03-24
24849498211,14821798893,FELLES,True,1977-02-26
24866998120,08840598374,FELLES,True,2005-04-08
24867497532,25911099104,FELLES,True,2010-11-25
24878599744,13901999486,FELLES,True,2019-10-13
24878599744,13901999486,FAR,False,2019-10-13
24887899688,18861299941,FELLES,True,2012-06-18
24887899688,05860699828,FELLES,True,2006-06-05
24887899688,24890399939,FELLES,False,2003-09-24
24890399939,30877999986,FELLES,False,2003-09-24
24890399939,24887899688,FELLES,False,2003-09-24
24900897436,25877898167,FELLES,True,2008-10-24
24900897436,20927898684,FELLES,True,2008-10-24
24917498071,21850798556,FELLES,True,2007-05-21
24918896305,24902188106,FELLES,True,2021-10-29
25829399124,06901999250,FELLES,True,2019-10-06
25837996379,22820799147,FELLES,True,2007-02-22
25849298561,05851899393,FELLES,True,2018-05-05
25858097455,14890998403,FELLES,True,2009-09-14
25868896356,01921898955,FELLES,False,2018-12-01
25871598307,18908696197,FELLES,True,2015-07-25
25871598307,05928798897,FELLES,True,2015-07-25
25878999161,27811397852,FELLES,True,2013-01-27
25906997617,21850499478,FELLES,True,2004-05-21
25906997617,03860399988,FELLES,False,2003-06-03
25918498705,24910899860,FELLES,False,2021-01-29
25918498705,24910899860,FAR,False,2021-01-26
25918498705,19881299022,FELLES,True,2012-08-19
25918498705,24910899860,FELLES,True,2008-11-24
25918498705,03820699628,FELLES,True,1984-09-04
26817197417,25830999933,FELLES,True,2009-03-25
26818899482,06831399781,MOR,True,2021-07-03
26818899482,09852099906,FELLES,True,2020-05-09
26818999312,30891898920,FELLES,True,2018-09-30
26837597713,09830999423,FELLES,True,2009-03-09
26838999807,15901499893,MOR,True,2021-04-28
26838999807,27891399974,FELLES,True,2013-09-27
26850996562,28857997230,MOR,False,2021-01-26
26850996562,01878097528,FELLES,True,2009-05-26
26850996562,28857997230,FELLES,True,2009-05-26
26851097820,02907995332,FELLES,True,2010-05-26
26851097820,24887696418,FELLES,True,2010-05-26
26857296795,26811097356,FELLES,True,2010-01-26
26857296795,08830696637,FELLES,True,2006-03-08
26858197324,31810797854,FAR,False,2021-01-26
26858197324,14880798805,FELLES,True,2007-08-14
26858197324,31810797854,FELLES,True,2007-01-31
26860599030,19916794927,FELLES,True,2005-06-26
26860599030,21916996605,FELLES,True,2005-06-26
26869199191,08911898323,FELLES,False,2018-11-08
26891399188,14847897555,FELLES,True,2013-09-26
26891399188,26877698679,FELLES,True,2013-09-26
26920999254,20818499575,FELLES,True,2009-12-26
26920999254,28838499629,FELLES,True,2009-12-26
27838799057,29891199749,FELLES,True,2011-09-29
27877598425,15910898601,FELLES,True,2008-11-15
27878197505,14901897736,FELLES,True,2018-10-14
27878197505,09881798252,FELLES,True,2017-08-09
27878197505,19851397577,FELLES,True,1970-02-26
27887499107,02850799094,FELLES,True,2007-05-02
27919497837,04891997405,FELLES,True,2019-09-04
27919497837,04821798146,FELLES,True,2017-02-04
27927298118,31920899148,FELLES,False,2021-01-26
27927298118,31920899148,FELLES,True,2008-12-31
27927298118,30880499560,FELLES,True,2004-08-30
27929099945,12831699769,FELLES,True,2016-03-12
28817197657,17890899102,FELLES,True,2008-09-17
28818599317,18871599560,FELLES,False,2015-07-18
28818599317,01860899309,FELLES,True,2008-06-01
28827397174,30920998174,FELLES,True,2009-12-30
28827397174,18890797462,FELLES,True,2007-09-18
28837598232,09820999948,FELLES,True,2009-02-09
28838298127,09841698190,FELLES,True,2016-04-09
28838298127,01831097570,FELLES,True,2010-03-01
28847897300,19900999391,FELLES,True,2009-10-19
28887698122,02900899931,FELLES,False,2021-01-26
28887698122,05901499650,FELLES,True,2014-10-05
28887698122,02900899931,FELLES,True,2008-10-02
28898499830,07860999859,FELLES,True,2009-06-07
28908297220,15851298050,FELLES,True,2012-05-15
28908297220,21821298005,FELLES,True,2012-02-21
28911596816,18908696197,FELLES,True,2015-11-28
28911596816,05928798897,FELLES,True,2015-11-28
28918698754,06901998629,FELLES,True,2019-10-06
28918698754,14901198099,FELLES,True,2011-10-14
29820499067,22896995832,FELLES,True,2004-02-29
29820499067,01896996726,FELLES,True,2004-02-29
29820899898,21867499889,FELLES,True,2008-02-29
29820899898,17927399547,FELLES,True,2008-02-29
29827296722,12910497837,FELLES,True,2004-11-12
29837798718,22871599274,FELLES,True,2015-07-22
29837798718,23811099430,FELLES,True,2010-01-23
29859098647,05811598900,FELLES,True,1966-12-26
29859198668,19872099452,FELLES,True,1982-10-16
29906998023,06920399116,FELLES,True,2003-12-06
29911299001,21867897337,FELLES,True,2012-11-29
29911299001,15867898600,FELLES,True,2012-11-29
29917097613,29840597804,FELLES,True,2005-04-29
29917996979,15831098039,FELLES,True,2010-03-15
29917996979,06910796214,FELLES,True,2007-11-06
29917996979,17860799464,FELLES,True,2007-06-17
29917996979,05830599160,FELLES,True,2005-03-05
29920898104,21867897337,FELLES,True,2008-12-29
29920898104,15867898600,FELLES,True,2008-12-29
29928998302,06852098277,FELLES,True,2020-05-06
30818299423,14811899799,FELLES,True,2018-01-14
30818299423,15881199731,FELLES,True,2011-08-15
30818399444,31901599990,FELLES,True,2015-10-31
30830598304,21816997612,FELLES,True,2005-03-30
30830598304,10877098325,FELLES,True,2005-03-30
30840897997,19927195723,FELLES,True,2008-04-30
30840897997,22867296658,FELLES,True,2008-04-30
30848499273,06811899958,FELLES,True,2018-01-06
30848499273,29921799924,FELLES,True,2017-12-29
30848499273,23831199946,FELLES,True,2011-03-23
30870699340,16918598875,FELLES,True,2006-07-30
30870699340,16858398502,FELLES,True,2006-07-30
30877198398,12880797539,FELLES,True,2007-08-12
30877198398,22870397899,FELLES,False,2003-07-22
30877797852,19890699572,FELLES,True,2006-09-19
30878199371,12851099733,FELLES,True,2010-05-12
30878199371,12851099733,FELLES,False,2010-05-12
30878199371,23921599706,FELLES,True,1979-03-28
30880499560,30887197675,FELLES,True,2004-08-30
30880499560,27927298118,FELLES,True,2004-08-30
30888197946,18841399044,FELLES,True,2013-04-18
30897998315,17891598203,FELLES,True,2015-09-17
30897998315,09891598715,FELLES,True,2015-09-09
30897998315,14881397804,FELLES,True,2013-08-14
30897998315,03821098423,FELLES,True,2010-02-03
30897998315,08810597349,FELLES,True,2005-01-08
30899199460,08881898234,FELLES,True,2018-08-08
30907899469,25861499432,FELLES,True,2014-06-25
30907899469,19870898811,FELLES,True,2008-07-19
30907899469,12880499406,FELLES,True,2004-08-12
30907998858,30851599459,MOR,True,2021-04-11
30907998858,10891398994,FELLES,True,2013-09-10
30907998858,04850399846,FELLES,False,2003-05-04
30910999563,16927398048,FELLES,True,2009-11-30
30910999563,23847197137,FELLES,True,2009-11-30
30910999563,23847197137,FELLES,False,2009-11-30
30918698228,30851299072,FELLES,True,2012-05-30
30918698228,21811198932,FELLES,True,2011-01-21
30920998174,31887194648,FELLES,True,2009-12-30
30920998174,28827397174,FELLES,True,2009-12-30
31818299705,17821699835,FELLES,True,2016-02-17
31818299705,03890799921,FELLES,True,2007-09-03
31837996565,20870798688,FELLES,True,2007-07-20
31837996565,20870798688,FELLES,False,2007-07-20
31837996565,08820997655,FELLES,True,1996-11-09
31870797985,14847897555,FELLES,True,2007-07-31
31870797985,26877698679,FELLES,True,2007-07-31
31876999644,22830499346,FELLES,True,2004-03-22
31889598428,16921998922,FELLES,True,2019-12-16
31920899148,27927298118,FELLES,False,2021-01-26
31920899148,30887197675,FELLES,True,2008-12-31
31920899148,27927298118,FELLES,True,2008-12-31
